"index"	"Date (MM/DD/YYYY)"	"File"	"Gtype"	"Flight Time"	"Start Time"	"End Time"	"Landing"	"Start_Alt (ft MSL)"	"Max Altitude (ft MSL/ft AGL)"	"Surface Height (ft MSL)"	"Pressure Altitude (ft MSL)"	"Offset (ft)"	"Sensor Info"	"ENL_Engine_Run_Start_Times"	"MOP_Engine_Run_Start_Times"	"RPM_Engine_Run_Start_Times"	"ENL_Engine_Run_Altitudes_MSL"	"MOP_Engine_Run_Altitudes_MSL"	"RPM_Engine_Run_Altitudes_MSL"	"ENL_Engine_Run_Altitudes_AGL"	"MOP_Engine_Run_Altitudes_AGL"	"RPM_Engine_Run_Altitudes_AGL"	"ENL_Noise_Registration_Times"	"MOP_Noise_Registration_Times"	"RPM_Noise_Registration_Times"	"ENL_Noise_Registration_Altitudes_AGL"	"MOP_Noise_Registration_Altitudes_AGL"	"RPM_Noise_Registration_Altitudes_AGL"	"first_event_time"	"event_type"	"event_sensor"	"first_event_datetime_x"	"flight_start_datetime"	"window_start"	"window_end"	"altitude rate of change during pre-event window(ft/s)"	"steady_descent_during_pre_event_window"	"is_circling_during_pre_event_window"	"distance_traveled_during_window (miles)"	"terrain_label_at_first_engine_event"	"avg_speed_while_engine_running (knots)"	"min_speed_while_engine_running (knots)"	"max_speed_while_engine_running (knots)"	"engine_run_times (s)"	"height_gain_loss (ft)"	"terrain_elev_at_first_engine_event (ft)"	"first_engine_agl"	"Engine_Start_Above_1000ft"	"agl_all_events"	"first_event_datetime_y"	"num_engine_starts_below_1000ft_Alt"	"pct_engine_starts_below_1000ft_Alt"
"28"	"06/04/2023"	"2023-06-04-LXV-NBR-01.IGC"	"VENTUS 3F"	"4:13:53"	"170746"	"212139"	"HOME"	"301"	"5698[5318]"	"92"	"105"	"13"	"Ventus3FES's MOP monitor reports Engine Run 1 minutes, starts at T=171756 and: 4055 msl [3737 agl]; Height gain/loss is: -132
Ventus3FES Motor noise registered by ENL sensor at t=['171829', '171830'] and [3704, 3704]AGL
Ventus3FES Motor noise registered by MOP sensor at t=['171747', '171904'] and [3770, 3599]AGL"	""	"171756"	""	""	"4055"	""	""	"3737.0"	""	"171829,171830"	"171747,171904"	""	"3704.00,3704.00"	"3770.0,3599.0"	""	"171756"	"Engine_Run_Start"	"MOP"	"2023-06-04 17:17:56"	"1900-01-01 17:07:46"	"2023-06-04 17:12:56"	"2023-06-04 17:17:56"	"1.4"	"Changing"	"True"	"6.031294805978373"	"Agriculture"	"73.57"	"63.16"	"83.13"	"[60]"	"[-132]"	"334.52"	"3737.0"	"True"	"3737.0"	"2023-06-04 17:17:56"	"0"	"0.0"
"142"	"04/26/2024"	"2024-04-26-LXV-NBR-01.IGC"	"VENTUS 3F"	"1:01:57"	"172837"	"183034"	"HOME"	"419"	"4117[3753]"	"128"	"30"	"-98"	"Ventus3FES's MOP monitor reports Engine Run 3 minutes, starts at T=182327 and: 1010 msl [663 agl]; Height gain/loss is: 748
Ventus3FES Motor noise registered by ENL sensor at t=['182327', '182701', '183020', '183023'] and [663, 1467, 0, -9]AGL
Ventus3FES Motor noise registered by MOP sensor at t=['182327', '182709'] and [663, 1453]AGL"	""	"182327"	""	""	"1010"	""	""	"663.0"	""	"182327,182701,183020,183023"	"182327,182709"	""	"663.00,1467.00,0.00,-9.00"	"663.0,1453.0"	""	"182327"	"Engine_Run_Start"	"MOP"	"2024-04-26 18:23:27"	"1900-01-01 17:28:37"	"2024-04-26 18:18:27"	"2024-04-26 18:23:27"	"-0.9"	"Changing"	"False"	"6.702066032185836"	"Closed Forest, Other"	"65.06"	"51.80"	"72.70"	"[180]"	"[748]"	"345.41"	"663.0"	"False"	"663.0"	"2024-04-26 18:23:27"	"1"	"100.0"
"233"	"06/06/2015"	"2015-06-06-CNI-V8R-01.IGC"	"DG-400"	"2:30:46"	"180958"	"204044"	"HOME"	"551"	"5488[4741]"	"168"	"156"	"-12"	"DG-40017's ENL monitor reports Engine Run 3 minutes, starts at T=180958 and: 554 msl [3 agl]; Height gain/loss is: 2005
DG-40017's ENL monitor reports Engine Run 6 minutes, starts at T=202236 and: 1338 msl [886 agl]; Height gain/loss is: 2759
DG-40017 Motor noise registered by ENL sensor at t=['181000', '181316', '202236', '202924'] and [3, 1339, 886, 3389]AGL"	"180958,202236"	""	""	"554,1338"	""	""	"3.0,886.0"	""	""	"181000,181316,202236,202924"	""	""	"3.00,1339.00,886.00,3389.00"	""	""	"202236"	"Engine_Run_Start"	"ENL"	"2015-06-06 20:22:36"	"1900-01-01 18:09:58"	"2015-06-06 20:17:36"	"2015-06-06 20:22:36"	"-0.97"	"Changing"	"False"	"5.756834896715032"	"Open Forest, Other"	"45.74,52.29"	"30.24,43.20"	"50.76,68.03"	"[180, 360]"	"[2005, 2759]"	"445.19"	"886.0"	"False"	"3.0,886.0"	"2015-06-06 20:22:36"	"2"	"100.0"
"248"	"06/15/2021"	"2021-06-15-LXV-780-01.IGC"	"ASH 31 MI"	"2:34:24"	"195759"	"223223"	"HOME"	"2624"	"9708[6795]"	"800"	"723"	"-77"	"ASH31/18m's ENL monitor reports Engine Run 8 minutes, starts at T=195759 and: 2631 msl [4 agl]; Height gain/loss is: 3363
ASH31/18m's ENL monitor reports Engine Run 7 minutes, starts at T=221621 and: 3484 msl [942 agl]; Height gain/loss is: 2090
ASH31/18m Motor noise registered by ENL sensor at t=['195800', '200623', '221621', '222323', '223207'] and [7, 2153, 942, 2907, -9]AGL"	"195759,221621"	""	""	"2631,3484"	""	""	"4.0,942.0"	""	""	"195800,200623,221621,222323,223207"	""	""	"7.00,2153.00,942.00,2907.00,-9.00"	""	""	"221621"	"Engine_Run_Start"	"ENL"	"2021-06-15 22:16:21"	"1900-01-01 19:57:59"	"2021-06-15 22:11:21"	"2021-06-15 22:16:21"	"-1.42"	"Changing"	"False"	"6.630366457839335"	"Herbaceous vegetation"	"71.87,63.43"	"54.62,42.84"	"88.86,82.37"	"[480, 420]"	"[3363, 2090]"	"2540.2"	"942.0"	"False"	"4.0,942.0"	"2021-06-15 22:16:21"	"2"	"100.0"
"500"	"04/21/2019"	"2019-04-21-LXV-7R1-01.IGC"	"ASW 27-18 E (ASG-29E)"	"3:42:13"	"162740"	"200953"	"HOME"	"423"	"5019[4567]"	"129"	"78"	"-51"	"ASG29E18m's ENL monitor reports Engine Run 1 minutes, starts at T=200424 and: 1761 msl [1335 agl]; Height gain/loss is: 79
ASG29E18m Motor noise registered by ENL sensor at t=['162741', '162744', '200424', '200540', '200922', '200942'] and [10, 3, 1335, 1365, -9, 7]AGL"	"200424"	""	""	"1761"	""	""	"1335.0"	""	""	"162741,162744,200424,200540,200922,200942"	""	""	"10.00,3.00,1335.00,1365.00,-9.00,7.00"	""	""	"200424"	"Engine_Run_Start"	"ENL"	"2019-04-21 20:04:24"	"1900-01-01 16:27:40"	"2019-04-21 19:59:24"	"2019-04-21 20:04:24"	"-0.7"	"Changing"	"False"	"7.528275269308057"	"Open Forest, Other"	"67.75"	"58.74"	"75.09"	"[60]"	"[79]"	"430.16"	"1335.0"	"True"	"1335.0"	"2019-04-21 20:04:24"	"0"	"0.0"
"601"	"07/18/2021"	"2021-07-18-LXV-780-02.IGC"	"ASH 31 MI"	"3:17:56"	"191610"	"223406"	"HOME"	"5889"	"14944[9367]"	"1795"	"1702"	"-93"	"ASH31/18m's ENL monitor reports Engine Run 12 minutes, starts at T=191610 and: 5889 msl [0 agl]; Height gain/loss is: 2972
ASH31/18m's ENL monitor reports Engine Run 8 minutes, starts at T=194317 and: 7552 msl [1230 agl]; Height gain/loss is: 1109
ASH31/18m Motor noise registered by ENL sensor at t=['191612', '192852', '194317', '195212', '223348'] and [0, 2792, 1230, 3137, 23]AGL"	"191610,194317"	""	""	"5889,7552"	""	""	"0.0,1230.0"	""	""	"191612,192852,194317,195212,223348"	""	""	"0.00,2792.00,1230.00,3137.00,23.00"	""	""	"194317"	"Engine_Run_Start"	"ENL"	"2021-07-18 19:43:17"	"1900-01-01 19:16:10"	"2021-07-18 19:38:17"	"2021-07-18 19:43:17"	"-1.07"	"Changing"	"False"	"6.324631642842221"	"Open Forest, Evergreen Needleleaf"	"72.77,75.30"	"59.53,45.02"	"89.02,87.93"	"[720, 480]"	"[2972, 1109]"	"6342.72"	"1230.0"	"True"	"0.0,1230.0"	"2021-07-18 19:43:17"	"1"	"50.0"
"607"	"06/02/2023"	"2023-06-02-LXV-7SK-01.IGC"	"EB29"	"3:58:26"	"165512"	"205338"	"HOME"	"298"	"5718[5272]"	"91"	"97"	"6"	"EB29/28.3m's ENL monitor reports Engine Run 6 minutes, starts at T=165512 and: 295 msl [-15 agl]; Height gain/loss is: 1670
EB29/28.3m's ENL monitor reports Engine Run 1 minutes, starts at T=170155 and: 1886 msl [1549 agl]; Height gain/loss is: -46
EB29/28.3m Motor noise registered by ENL sensor at t=['165514', '170143', '170155', '170322', '170404', '170408', '205324', '205332'] and [-19, 1618, 1549, 1519, 1578, 1604, 76, 75]AGL"	"165512,170155"	""	""	"295,1886"	""	""	"-15.0,1549.0"	""	""	"165514,170143,170155,170322,170404,170408,205324,205332"	""	""	"-19.00,1618.00,1549.00,1519.00,1578.00,1604.00,76.00,75.00"	""	""	"170155"	"Engine_Run_Start"	"ENL"	"2023-06-02 17:01:55"	"1900-01-01 16:55:12"	"2023-06-02 16:56:55"	"2023-06-02 17:01:55"	"0.92"	"Changing"	"False"	"4.591189511375477"	"Agriculture"	"54.34,54.40"	"37.45,51.67"	"61.00,56.43"	"[360, 60]"	"[1670, -46]"	"345.59"	"1549.0"	"True"	"-15.0,1549.0"	"2023-06-02 17:01:55"	"1"	"50.0"
"608"	"06/05/2018"	"2018-06-05-LXV-69K-01.IGC"	"DISCUS-2CT"	"2:30:10"	"171550"	"194600"	"HOME"	"321"	"4914[4548]"	"98"	"98"	"0"	"Discus2CT's ENL monitor reports Engine Run 1 minutes, starts at T=172918 and: 895 msl [590 agl]; Height gain/loss is: 269
Discus2CT's ENL monitor reports Engine Run 2 minutes, starts at T=173137 and: 1213 msl [912 agl]; Height gain/loss is: 453
Discus2CT's ENL monitor reports Engine Run 3 minutes, starts at T=173353 and: 1676 msl [1375 agl]; Height gain/loss is: 463
Discus2CT's ENL monitor reports Engine Run 1 minutes, starts at T=173735 and: 2158 msl [1804 agl]; Height gain/loss is: 109
Discus2CT's ENL monitor reports Engine Run 5 minutes, starts at T=193318 and: 711 msl [265 agl]; Height gain/loss is: 1434
Discus2CT Motor noise registered by ENL sensor at t=['172918', '173057', '173137', '173345', '173353', '173731', '173735', '173859', '193318', '193846'] and [590, 853, 912, 1355, 1375, 1805, 1804, 1936, 265, 1781]AGL"	"172918,173137,173353,173735,193318"	""	""	"895,1213,1676,2158,711"	""	""	"590.0,912.0,1375.0,1804.0,265.0"	""	""	"172918,173057,173137,173345,173353,173731,173735,173859,193318,193846"	""	""	"590.00,853.00,912.00,1355.00,1375.00,1805.00,1804.00,1936.00,265.00,1781.00"	""	""	"172918"	"Engine_Run_Start"	"ENL"	"2018-06-05 17:29:18"	"1900-01-01 17:15:50"	"2018-06-05 17:24:18"	"2018-06-05 17:29:18"	"-1.08"	"Changing"	"False"	"6.034693348834543"	"Open Forest, Other"	"67.23,55.54,54.72,53.11,63.03"	"59.45,51.90,50.87,50.83,52.81"	"79.18,61.33,59.60,57.48,81.13"	"[60, 120, 180, 60, 300]"	"[269, 453, 463, 109, 1434]"	"306.82"	"590.0"	"False"	"590.0,912.0,1375.0,1804.0,265.0"	"2018-06-05 17:29:18"	"3"	"60.0"
"618"	"06/27/2018"	"2018-06-27-LXV-69K-01.IGC"	"DISCUS-2CT"	"3:56:38"	"174553"	"214231"	"HOME"	"298"	"4806[4485]"	"91"	"59"	"-32"	"Discus2CT's ENL monitor reports Engine Run 1 minutes, starts at T=175142 and: 2290 msl [1992 agl]; Height gain/loss is: 311
Discus2CT Motor noise registered by ENL sensor at t=['175142', '175242', '214215', '214227'] and [1992, 2270, 53, 56]AGL"	"175142"	""	""	"2290"	""	""	"1992.0"	""	""	"175142,175242,214215,214227"	""	""	"1992.00,2270.00,53.00,56.00"	""	""	"175142"	"Engine_Run_Start"	"ENL"	"2018-06-27 17:51:42"	"1900-01-01 17:45:53"	"2018-06-27 17:46:42"	"2018-06-27 17:51:42"	"1.57"	"Changing"	"False"	"5.602830431001055"	"Herbaceous vegetation"	"65.32"	"56.83"	"75.44"	"[60]"	"[311]"	"296.13"	"1992.0"	"True"	"1992.0"	"2018-06-27 17:51:42"	"0"	"0.0"
"623"	"06/03/2021"	"2021-06-03-LXV-7SA-03.IGC"	"ASH 31 MI"	"4:30:42"	"192653"	"235735"	"HOME"	"4724"	"16679[12510]"	"1440"	"1403"	"-37"	"ASH31/21m-Wet's ENL monitor reports Engine Run 7 minutes, starts at T=192653 and: 4724 msl [10 agl]; Height gain/loss is: 1115
ASH31/21m-Wet's ENL monitor reports Engine Run 8 minutes, starts at T=193442 and: 5830 msl [653 agl]; Height gain/loss is: 1525
ASH31/21m-Wet Motor noise registered by ENL sensor at t=['192654', '193413', '193442', '194322', '194324', '194329', '223257', '223259'] and [10, 521, 653, 1739, 1765, 1667, 7412, 7395]AGL"	"192653,193442"	""	""	"4724,5830"	""	""	"10.0,653.0"	""	""	"192654,193413,193442,194322,194324,194329,223257,223259"	""	""	"10.00,521.00,653.00,1739.00,1765.00,1667.00,7412.00,7395.00"	""	""	"193442"	"Engine_Run_Start"	"ENL"	"2021-06-03 19:34:42"	"1900-01-01 19:26:53"	"2021-06-03 19:29:42"	"2021-06-03 19:34:42"	"0.32"	"Changing"	"False"	"7.257904005943844"	"Shrubs"	"71.58,72.16"	"61.58,61.78"	"89.23,87.59"	"[420, 480]"	"[1115, 1525]"	"5172.95"	"653.0"	"False"	"10.0,653.0"	"2021-06-03 19:34:42"	"2"	"100.0"
"637"	"06/16/2021"	"2021-06-16-LXV-780-01.IGC"	"ASH 31 MI"	"2:45:34"	"211117"	"235651"	"HOME"	"2624"	"8996[5715]"	"800"	"742"	"-58"	"ASH31/18m's ENL monitor reports Engine Run 8 minutes, starts at T=211117 and: 2631 msl [4 agl]; Height gain/loss is: 3290
ASH31/18m's ENL monitor reports Engine Run 10 minutes, starts at T=232949 and: 3825 msl [1096 agl]; Height gain/loss is: 2470
ASH31/18m's ENL monitor reports Engine Run 2 minutes, starts at T=235135 and: 3549 msl [997 agl]; Height gain/loss is: -9
ASH31/18m Motor noise registered by ENL sensor at t=['211119', '211932', '232949', '234045', '235135', '235348', '235621'] and [4, 2913, 1096, 3120, 997, 932, 29]AGL"	"211117,232949,235135"	""	""	"2631,3825,3549"	""	""	"4.0,1096.0,997.0"	""	""	"211119,211932,232949,234045,235135,235348,235621"	""	""	"4.00,2913.00,1096.00,3120.00,997.00,932.00,29.00"	""	""	"232949"	"Engine_Run_Start"	"ENL"	"2021-06-16 23:29:49"	"1900-01-01 21:11:17"	"2021-06-16 23:24:49"	"2021-06-16 23:29:49"	"-0.81"	"Changing"	"True"	"6.079558747497808"	"Agriculture"	"70.13,67.48,60.95"	"47.60,48.35,49.73"	"85.92,86.49,80.76"	"[480, 600, 120]"	"[3290, 2470, -9]"	"2724.16"	"1096.0"	"True"	"4.0,1096.0,997.0"	"2021-06-16 23:29:49"	"2"	"66.66666666666666"
"638"	"06/11/2011"	"16BLJBN2.IGC"	"LS 10-ST"	"0:23:47"	"181814"	"184201"	"HOME"	"305"	"4609[4281]"	"93"	"100"	"7"	"LS10-st-18's ENL monitor reports Engine Run 1 minutes, starts at T=183327 and: 3743 msl [3409 agl]; Height gain/loss is: 718
LS10-st-18 Motor noise registered by ENL sensor at t=['183327', '183439'] and [3409, 4120]AGL"	"183327"	""	""	"3743"	""	""	"3409.0"	""	""	"183327,183439"	""	""	"3409.00,4120.00"	""	""	"183327"	"Engine_Run_Start"	"ENL"	"2011-06-11 18:33:27"	"1900-01-01 18:18:14"	"2011-06-11 18:28:27"	"2011-06-11 18:33:27"	"1.58"	"Changing"	"True"	"5.766849889197331"	"Open Forest, Other"	"66.34"	"56.16"	"96.56"	"[60]"	"[718]"	"333.59"	"3409.0"	"True"	"3409.0"	"2011-06-11 18:33:27"	"0"	"0.0"
"681"	"06/05/2021"	"2021-06-05-LXV-ABC-01.IGC"	"ARCUS M"	"1:40:38"	"172038"	"190116"	"HOME"	"298"	"4835[4537]"	"91"	"48"	"-43"	"ArcusM's ENL monitor reports Engine Run 5 minutes, starts at T=172038 and: 301 msl [16 agl]; Height gain/loss is: 1756
ArcusM's ENL monitor reports Engine Run 4 minutes, starts at T=174316 and: 1236 msl [938 agl]; Height gain/loss is: 1116
ArcusM Motor noise registered by ENL sensor at t=['172039', '172607', '174316', '174720', '185732', '185733'] and [13, 1749, 938, 1988, 1486, 1476]AGL"	"172038,174316"	""	""	"301,1236"	""	""	"16.0,938.0"	""	""	"172039,172607,174316,174720,185732,185733"	""	""	"13.00,1749.00,938.00,1988.00,1486.00,1476.00"	""	""	"174316"	"Engine_Run_Start"	"ENL"	"2021-06-05 17:43:16"	"1900-01-01 17:20:38"	"2021-06-05 17:38:16"	"2021-06-05 17:43:16"	"-0.42"	"Changing"	"True"	"4.968916556646663"	"Open Forest, Other"	"50.76,48.72"	"0.00,42.67"	"57.31,53.35"	"[300, 240]"	"[1756, 1116]"	"288.71"	"938.0"	"False"	"16.0,938.0"	"2021-06-05 17:43:16"	"2"	"100.0"
"687"	"03/13/2015"	"2015-03-13-CNI-V7G-01.IGC"	"ASW 27-18 E (ASG-29E)"	"1:06:28"	"175928"	"190556"	"HOME"	"124"	"4724[4610]"	"38"	"-32"	"-70"	"ASW27-18E's ENL monitor reports Engine Run 1 minutes, starts at T=181404 and: 3651 msl [3527 agl]; Height gain/loss is: 10
ASW27-18E Motor noise registered by ENL sensor at t=['181404', '181512'] and [3527, 3530]AGL"	"181404"	""	""	"3651"	""	""	"3527.0"	""	""	"181404,181512"	""	""	"3527.00,3530.00"	""	""	"181404"	"Engine_Run_Start"	"ENL"	"2015-03-13 18:14:04"	"1900-01-01 17:59:28"	"2015-03-13 18:09:04"	"2015-03-13 18:14:04"	"-0.34"	"Changing"	"False"	"5.841698113416031"	"Open Forest, Other"	"59.58"	"50.76"	"78.83"	"[60]"	"[10]"	"109.94"	"3527.0"	"True"	"3527.0"	"2015-03-13 18:14:04"	"0"	"0.0"
"708"	"06/30/2023"	"2023-06-30-LXV-7EO-01.IGC"	"ASH 31 MI"	" 3:35:36"	"203317"	"853"	"HOME"	"1253"	"9317[7520]"	"382"	"343"	"-39"	"ASH31/21m's ENL monitor reports Engine Run 7 minutes, starts at T=203317 and: 1259 msl [-9 agl]; Height gain/loss is: 2825
ASH31/21m's ENL monitor reports Engine Run 14 minutes, starts at T=233751 and: 2519 msl [1516 agl]; Height gain/loss is: 3790
ASH31/21m Motor noise registered by ENL sensor at t=['203318', '204105', '233751', '235238'] and [-12, 1972, 1516, 3806]AGL"	"203317,233751"	""	""	"1259,2519"	""	""	"-9.0,1516.0"	""	""	"203318,204105,233751,235238"	""	""	"-12.00,1972.00,1516.00,3806.00"	""	""	"233751"	"Engine_Run_Start"	"ENL"	"2023-06-30 23:37:51"	"1900-01-01 20:33:17"	"2023-06-30 23:32:51"	"2023-06-30 23:37:51"	"-1.02"	"Changing"	"False"	"7.572913432380563"	"Herbaceous vegetation"	"62.63,67.81"	"48.97,50.69"	"85.84,83.34"	"[420, 840]"	"[2825, 3790]"	"1003.18"	"1516.0"	"True"	"-9.0,1516.0"	"2023-06-30 23:37:51"	"1"	"50.0"
"749"	"06/27/2023"	"2023-06-27-LXV-7EO-01.IGC"	"ASH 31 MI"	"3:09:29"	"203518"	"234447"	"HOME"	"1253"	"9530[7648]"	"382"	"381"	"-1"	"ASH31/21m's ENL monitor reports Engine Run 8 minutes, starts at T=203518 and: 1246 msl [-29 agl]; Height gain/loss is: 2271
ASH31/21m's ENL monitor reports Engine Run 6 minutes, starts at T=205124 and: 2020 msl [761 agl]; Height gain/loss is: 1854
ASH31/21m Motor noise registered by ENL sensor at t=['203519', '204318', '205124', '205822'] and [-29, 1483, 761, 1857]AGL"	"203518,205124"	""	""	"1246,2020"	""	""	"-29.0,761.0"	""	""	"203519,204318,205124,205822"	""	""	"-29.00,1483.00,761.00,1857.00"	""	""	"205124"	"Engine_Run_Start"	"ENL"	"2023-06-27 20:51:24"	"1900-01-01 20:35:18"	"2023-06-27 20:46:24"	"2023-06-27 20:51:24"	"-0.68"	"Changing"	"False"	"5.949206017997103"	"Herbaceous vegetation"	"64.01,67.12"	"49.46,51.43"	"87.95,81.91"	"[480, 360]"	"[2271, 1854]"	"1265.58"	"761.0"	"False"	"-29.0,761.0"	"2023-06-27 20:51:24"	"2"	"100.0"
"960"	"06/10/2011"	"16ALJBN1.IGC"	"LS 10-ST"	"4:16:10"	"174428"	"220038"	"HOME"	"305"	"7076[6801]"	"93"	"94"	"1"	"LS10-st-18's ENL monitor reports Engine Run 34 minutes, starts at T=211530 and: 1696 msl [1398 agl]; Height gain/loss is: 3284
LS10-st-18 Motor noise registered by ENL sensor at t=['211530', '215018'] and [1398, 4610]AGL"	"211530"	""	""	"1696"	""	""	"1398.0"	""	""	"211530,215018"	""	""	"1398.00,4610.00"	""	""	"211530"	"Engine_Run_Start"	"ENL"	"2011-06-10 21:15:30"	"1900-01-01 17:44:28"	"2011-06-10 21:10:30"	"2011-06-10 21:15:30"	"-0.74"	"Changing"	"False"	"6.255072140337458"	"Open Forest, Other"	"63.00"	"49.84"	"95.70"	"[2040]"	"[3284]"	"326.12"	"1398.0"	"True"	"1398.0"	"2011-06-10 21:15:30"	"0"	"0.0"
"1173"	"05/15/2018"	"2018-05-15-LXV-7H2-01.IGC"	"ARCUS M"	"1:30:49"	"171658"	"184747"	"LOUT"	"803"	"5157[4242]"	"245"	"255"	"10"	"ArcusM's ENL monitor reports Engine Run 5 minutes, starts at T=182335 and: 2657 msl [1965 agl]; Height gain/loss is: 1824
ArcusM's ENL monitor reports Engine Run 6 minutes, starts at T=183517 and: 3205 msl [2349 agl]; Height gain/loss is: 1060
ArcusM Motor noise registered by ENL sensor at t=['182335', '182923', '183517', '184129'] and [1965, 3711, 2349, 2838]AGL"	"182335,183517"	""	""	"2657,3205"	""	""	"1965.0,2349.0"	""	""	"182335,182923,183517,184129"	""	""	"1965.00,3711.00,2349.00,2838.00"	""	""	"183517"	"Engine_Run_Start"	"ENL"	"2018-05-15 18:35:17"	"1900-01-01 17:16:58"	"2018-05-15 18:30:17"	"2018-05-15 18:35:17"	"-0.9"	"Changing"	"False"	"4.4362681377280415"	"Closed Forest, Deciduous Broadleaf"	"60.55,56.88"	"38.27,38.43"	"77.99,71.47"	"[300, 360]"	"[1824, 1060]"	"899.83"	"2349.0"	"True"	"1965.0,2349.0"	"2018-05-15 18:35:17"	"0"	"0.0"
"1245"	"04/21/2019"	"2019-04-21-LXV-83L-01.IGC"	"ASW 27-18 E (ASG-29E)"	"2:39:06"	"171552"	"195458"	"HOME"	"442"	"5249[4806]"	"135"	"83"	"-52"	"ASG29E18m's ENL monitor reports Engine Run 1 minutes, starts at T=173009 and: 4366 msl [3983 agl]; Height gain/loss is: 558
ASG29E18m Motor noise registered by ENL sensor at t=['173009', '173141'] and [3983, 4541]AGL"	"173009"	""	""	"4366"	""	""	"3983.0"	""	""	"173009,173141"	""	""	"3983.00,4541.00"	""	""	"173009"	"Engine_Run_Start"	"ENL"	"2019-04-21 17:30:09"	"1900-01-01 17:15:52"	"2019-04-21 17:25:09"	"2019-04-21 17:30:09"	"0.52"	"Changing"	"True"	"5.902406923881303"	"Open Forest, Other"	"74.37"	"66.94"	"82.79"	"[60]"	"[558]"	"370.42"	"3983.0"	"True"	"3983.0"	"2019-04-21 17:30:09"	"0"	"0.0"
"1276"	"05/26/2017"	"2017-05-26-LXV-PHZ-01.IGC"	"DG-400"	"4:16:11"	"171024"	"212635"	"HOME"	"810"	"4675[4130]"	"247"	"291"	"44"	"DG400/17m's ENL monitor reports Engine Run 7 minutes, starts at T=203302 and: 1338 msl [358 agl]; Height gain/loss is: 2490
DG400/17m's ENL monitor reports Engine Run 6 minutes, starts at T=210505 and: 1971 msl [1394 agl]; Height gain/loss is: 2628
DG400/17m Motor noise registered by ENL sensor at t=['203302', '204049', '210434', '210435', '210505', '211144'] and [358, 2178, 1552, 1546, 1394, 3048]AGL"	"203302,210505"	""	""	"1338,1971"	""	""	"358.0,1394.0"	""	""	"203302,204049,210434,210435,210505,211144"	""	""	"358.00,2178.00,1552.00,1546.00,1394.00,3048.00"	""	""	"210505"	"Engine_Run_Start"	"ENL"	"2017-05-26 21:05:05"	"1900-01-01 17:10:24"	"2017-05-26 21:00:05"	"2017-05-26 21:05:05"	"-0.51"	"Changing"	"False"	"5.993349191983985"	"Agriculture"	"65.86,56.06"	"44.48,45.99"	"87.52,77.23"	"[420, 360]"	"[2490, 2628]"	"569.55"	"1394.0"	"True"	"358.0,1394.0"	"2017-05-26 21:05:05"	"1"	"50.0"
"1307"	"03/13/2022"	"23DVALM1.igc"	"AS 33ES"	"3:39:54"	"183432"	"221426"	"HOME"	"144"	"4137[4026]"	"44"	"-95"	"-139"	"AS33Es18m's ENL monitor reports Engine Run 14 minutes, starts at T=214425 and: 941 msl [810 agl]; Height gain/loss is: 3176
AS33Es18m Motor noise registered by ENL sensor at t=['183433', '183437', '214425', '215829', '221409', '221419', '221425', '221426'] and [6, 23, 810, 3999, 33, 56, 66, 69]AGL"	"214425"	""	""	"941"	""	""	"810.0"	""	""	"183433,183437,214425,215829,221409,221419,221425,221426"	""	""	"6.00,23.00,810.00,3999.00,33.00,56.00,66.00,69.00"	""	""	"214425"	"Engine_Run_Start"	"ENL"	"2022-03-13 21:44:25"	"1900-01-01 18:34:32"	"2022-03-13 21:39:25"	"2022-03-13 21:44:25"	"-0.52"	"Changing"	"False"	"5.1475814820181185"	"Herbaceous vegetation"	"74.32"	"45.69"	"89.05"	"[840]"	"[3176]"	"129.1"	"810.0"	"False"	"810.0"	"2022-03-13 21:44:25"	"1"	"100.0"
"1311"	"03/13/2022"	"23DV7EO1.igc"	"ASH 31 MI"	"2:55:31"	"192232"	"221803"	"HOME"	"137"	"4412[4275]"	"42"	"-110"	"-152"	"ASH31/21m's ENL monitor reports Engine Run 4 minutes, starts at T=192232 and: 144 msl [7 agl]; Height gain/loss is: 2106
ASH31/21m's ENL monitor reports Engine Run 3 minutes, starts at T=201124 and: 1141 msl [1010 agl]; Height gain/loss is: 1313
ASH31/21m Motor noise registered by ENL sensor at t=['192234', '192722', '201124', '201436', '221744', '221752'] and [10, 2119, 1010, 2340, 42, 23]AGL"	"192232,201124"	""	""	"144,1141"	""	""	"7.0,1010.0"	""	""	"192234,192722,201124,201436,221744,221752"	""	""	"10.00,2119.00,1010.00,2340.00,42.00,23.00"	""	""	"201124"	"Engine_Run_Start"	"ENL"	"2022-03-13 20:11:24"	"1900-01-01 19:22:32"	"2022-03-13 20:06:24"	"2022-03-13 20:11:24"	"-0.99"	"Changing"	"False"	"6.744815535429591"	"Closed Forest, Evergreen Needleleaf"	"68.92,69.06"	"61.31,45.46"	"81.80,83.86"	"[240, 180]"	"[2106, 1313]"	"137.45"	"1010.0"	"True"	"7.0,1010.0"	"2022-03-13 20:11:24"	"1"	"50.0"
"1339"	"07/07/2021"	"177VAAW1.igc"	"VENTUS 3M"	" 5:39:21"	"184037"	"1958"	"LOUT"	"4996"	"17444[11972]"	"1523"	"1468"	"-55"	"Ventus3M032021's ENL monitor reports Engine Run 10 minutes, starts at T=184037 and: 4993 msl [0 agl]; Height gain/loss is: 2356
Ventus3M032021's ENL monitor reports Engine Run 3 minutes, starts at T=185754 and: 6161 msl [1148 agl]; Height gain/loss is: 659
Ventus3M032021's ENL monitor reports Engine Run 5 minutes, starts at T=191115 and: 6230 msl [1139 agl]; Height gain/loss is: 1483
Ventus3M032021 Motor noise registered by ENL sensor at t=['184038', '185100', '185754', '190129', '191115', '191620'] and [0, 1054, 1148, 1194, 1139, 1316]AGL"	"184037,185754,191115"	""	""	"4993,6161,6230"	""	""	"0.0,1148.0,1139.0"	""	""	"184038,185100,185754,190129,191115,191620"	""	""	"0.00,1054.00,1148.00,1194.00,1139.00,1316.00"	""	""	"185754"	"Engine_Run_Start"	"ENL"	"2021-07-07 18:57:54"	"1900-01-01 18:40:37"	"2021-07-07 18:52:54"	"2021-07-07 18:57:54"	"-0.87"	"Changing"	"False"	"6.533090805691554"	"Shrubs"	"66.60,71.03,72.67"	"44.64,62.81,65.35"	"71.65,81.07,80.38"	"[600, 180, 300]"	"[2356, 659, 1483]"	"5003.52"	"1148.0"	"True"	"0.0,1148.0,1139.0"	"2021-07-07 18:57:54"	"1"	"33.33333333333333"
"1343"	"03/11/2023"	"33BV83L1.igc"	"ASW 27-18 E (ASG-29E)"	"2:30:42"	"183403"	"210445"	"HOME"	"137"	"5396[5269]"	"42"	"29"	"-13"	"ASG29E18m's ENL monitor reports Engine Run 1 minutes, starts at T=184959 and: 3303 msl [3166 agl]; Height gain/loss is: 184
ASG29E18m Motor noise registered by ENL sensor at t=['184959', '185109'] and [3166, 3353]AGL"	"184959"	""	""	"3303"	""	""	"3166.0"	""	""	"184959,185109"	""	""	"3166.00,3353.00"	""	""	"184959"	"Engine_Run_Start"	"ENL"	"2023-03-11 18:49:59"	"1900-01-01 18:34:03"	"2023-03-11 18:44:59"	"2023-03-11 18:49:59"	"-0.33"	"Changing"	"True"	"5.622815153394708"	"Closed Forest, Other"	"73.90"	"66.52"	"86.91"	"[60]"	"[184]"	"114.84"	"3166.0"	"True"	"3166.0"	"2023-03-11 18:49:59"	"0"	"0.0"
"1346"	"03/13/2021"	"13DVAAW2.igc"	"VENTUS 3M"	"2:38:22"	"180529"	"204351"	"HOME"	"137"	"4734[4593]"	"42"	"-68"	"-110"	"Ventus3M2021's ENL monitor reports Engine Run 5 minutes, starts at T=180529 and: 134 msl [-9 agl]; Height gain/loss is: 2103
Ventus3M2021's ENL monitor reports Engine Run 6 minutes, starts at T=201017 and: 977 msl [768 agl]; Height gain/loss is: 3120
Ventus3M2021's ENL monitor reports Engine Run 4 minutes, starts at T=202149 and: 3074 msl [2910 agl]; Height gain/loss is: 1027
Ventus3M2021 Motor noise registered by ENL sensor at t=['180530', '181120', '201017', '201705', '202149', '202550', '204335', '204336', '204337', '204346'] and [-6, 2110, 768, 3960, 2910, 3951, 75, 92, 92, 86]AGL"	"180529,201017,202149"	""	""	"134,977,3074"	""	""	"-9.0,768.0,2910.0"	""	""	"180530,181120,201017,201705,202149,202550,204335,204336,204337,204346"	""	""	"-6.00,2110.00,768.00,3960.00,2910.00,3951.00,75.00,92.00,92.00,86.00"	""	""	"201017"	"Engine_Run_Start"	"ENL"	"2021-03-13 20:10:17"	"1900-01-01 18:05:29"	"2021-03-13 20:05:17"	"2021-03-13 20:10:17"	"-0.91"	"Changing"	"False"	"6.200952603913003"	"Shrubs"	"58.85,60.19,65.53"	"45.75,41.80,57.96"	"64.84,69.73,76.09"	"[300, 360, 240]"	"[2103, 3120, 1027]"	"194.06"	"768.0"	"False"	"-9.0,768.0,2910.0"	"2021-03-13 20:10:17"	"2"	"66.66666666666666"
"1357"	"06/06/2024"	"466V7SK1.igc"	"EB29"	"4:44:15"	"183520"	"231935"	"HOME"	"4727"	"16916[11237]"	"1441"	"1395"	"-46"	"EB29/28.3m's ENL monitor reports Engine Run 9 minutes, starts at T=183520 and: 4721 msl [-2 agl]; Height gain/loss is: 2126
EB29/28.3m's ENL monitor reports Engine Run 1 minutes, starts at T=184515 and: 6847 msl [1411 agl]; Height gain/loss is: 203
EB29/28.3m Motor noise registered by ENL sensor at t=['183521', '184514', '184515', '184646'] and [-2, 1411, 1411, 1562]AGL"	"183520,184515"	""	""	"4721,6847"	""	""	"-2.0,1411.0"	""	""	"183521,184514,184515,184646"	""	""	"-2.00,1411.00,1411.00,1562.00"	""	""	"184515"	"Engine_Run_Start"	"ENL"	"2024-06-06 18:45:15"	"1900-01-01 18:35:20"	"2024-06-06 18:40:15"	"2024-06-06 18:45:15"	"0.29"	"Changing"	"False"	"6.302928924210284"	"Shrubs"	"58.72,61.96"	"39.98,56.55"	"66.44,66.31"	"[540, 60]"	"[2126, 203]"	"5452.24"	"1411.0"	"True"	"-2.0,1411.0"	"2024-06-06 18:45:15"	"1"	"50.0"
"1365"	"03/13/2021"	"13DV81T1.igc"	"SILENT 2 ELECTRO"	"3:25:09"	"173814"	"210323"	"HOME"	"144"	"4665[4554]"	"44"	"-61"	"-105"	"Silent2elec.'s RPM monitor reports Engine Run 6 minutes, starts at T=204406 and: 820 msl [666 agl]; Height gain/loss is: 344
Silent2elec.'s RPM monitor reports Engine Run 4 minutes, starts at T=205110 and: 1003 msl [843 agl]; Height gain/loss is: 880
Silent2elec. Motor noise registered by MOP sensor at t=['204412', '205046', '205112', '205558'] and [666, 985, 860, 1804]AGL"	""	""	"204406,205110"	""	""	"820,1003"	""	""	"666.0,843.0"	""	"204412,205046,205112,205558"	""	""	"666.0,985.0,860.0,1804.0"	""	"205110"	"Engine_Run_Start"	"RPM"	"2021-03-13 20:51:10"	"1900-01-01 17:38:14"	"2021-03-13 20:46:10"	"2021-03-13 20:51:10"	"0.19"	"Changing"	"False"	"4.775680996466295"	"Closed Forest, Evergreen Needleleaf"	"48.56,50.72"	"41.35,44.15"	"55.12,56.74"	"[360, 240]"	"[344, 880]"	"126.97"	"843.0"	"False"	"666.0,843.0"	"2021-03-13 20:51:10"	"2"	"100.0"
"1366"	"06/20/2021"	"16KVABZ1KW.igc"	"ASG 32 MI"	" 3:49:24"	"201350"	"314"	"HOME"	"2627"	"16131[12162]"	"801"	"802"	"1"	"ASG32Mi's ENL monitor reports Engine Run 2 minutes, starts at T=201350 and: 2631 msl [4 agl]; Height gain/loss is: 653
ASG32Mi's ENL monitor reports Engine Run 14 minutes, starts at T=201636 and: 3303 msl [584 agl]; Height gain/loss is: 3156
ASG32Mi Motor noise registered by ENL sensor at t=['201351', '201634', '201636', '203106', '234516', '234517', '235711', '235712'] and [4, 571, 584, 915, 5932, 6000, 1939, 1936]AGL"	"201350,201636"	""	""	"2631,3303"	""	""	"4.0,584.0"	""	""	"201351,201634,201636,203106,234516,234517,235711,235712"	""	""	"4.00,571.00,584.00,915.00,5932.00,6000.00,1939.00,1936.00"	""	""	"201636"	"Engine_Run_Start"	"ENL"	"2021-06-20 20:16:36"	"1900-01-01 20:13:50"	"2021-06-20 20:11:36"	"2021-06-20 20:16:36"	"0.68"	"Changing"	"False"	"3.068571581002195"	"Herbaceous vegetation"	"78.50,73.98"	"65.26,52.39"	"84.03,81.48"	"[120, 840]"	"[653, 3156]"	"2719.58"	"584.0"	"False"	"4.0,584.0"	"2021-06-20 20:16:36"	"2"	"100.0"
"1367"	"07/04/2021"	"174V7R11.igc"	"ASW 27-18 E (ASG-29E)"	" 5:23:17"	"185233"	"1550"	"LOUT"	"4996"	"17253[11811]"	"1523"	"1466"	"-57"	"ASG29E18m's ENL monitor reports Engine Run 14 minutes, starts at T=232921 and: 6391 msl [1821 agl]; Height gain/loss is: 5436
ASG29E18m Motor noise registered by ENL sensor at t=['232921', '234419'] and [1821, 7228]AGL"	"232921"	""	""	"6391"	""	""	"1821.0"	""	""	"232921,234419"	""	""	"1821.00,7228.00"	""	""	"232921"	"Engine_Run_Start"	"ENL"	"2021-07-04 23:29:21"	"1900-01-01 18:52:33"	"2021-07-04 23:24:21"	"2021-07-04 23:29:21"	"-1.15"	"Changing"	"False"	"7.611916827415127"	"Bare/Sparse vegetation"	"68.47"	"60.24"	"85.62"	"[840]"	"[5436]"	"4557.43"	"1821.0"	"True"	"1821.0"	"2021-07-04 23:29:21"	"0"	"0.0"
"1374"	"03/17/2023"	"33HVAL81.igc"	"VENTUS 3F"	"3:31:37"	"163323"	"200500"	"HOME"	"114"	"4895[4757]"	"35"	"-11"	"-46"	"Ventus3F18m's RPM monitor reports Engine Run 9 minutes, starts at T=195224 and: 1909 msl [1752 agl]; Height gain/loss is: -213
Ventus3F18m Motor noise registered by MOP sensor at t=['195304', '200202'] and [1697, 1483]AGL"	""	""	"195224"	""	""	"1909"	""	""	"1752.0"	""	"195304,200202"	""	""	"1697.0,1483.0"	""	"195224"	"Engine_Run_Start"	"RPM"	"2023-03-17 19:52:24"	"1900-01-01 16:33:23"	"2023-03-17 19:47:24"	"2023-03-17 19:52:24"	"-0.38"	"Changing"	"False"	"6.717101124563682"	"Open Forest, Other"	"57.31"	"48.15"	"68.13"	"[540]"	"[-213]"	"154.4"	"1752.0"	"True"	"1752.0"	"2023-03-17 19:52:24"	"0"	"0.0"
"1375"	"06/23/2024"	"46NV8J41.igc"	"VENTUS 3T"	" 4:19:56"	"195310"	"1306"	"HOME"	"3713"	"11348[7585]"	"1132"	"1069"	"-63"	"Ventus3T18_W's ENL monitor reports Engine Run 1 minutes, starts at T=200600 and: 4829 msl [1142 agl]; Height gain/loss is: 814
Ventus3T18_W Motor noise registered by ENL sensor at t=['195311', '195320', '200600', '200719', '001250', '001304'] and [0, 20, 1142, 1969, 101, 108]AGL"	"200600"	""	""	"4829"	""	""	"1142.0"	""	""	"195311,195320,200600,200719,1250,1304"	""	""	"0.00,20.00,1142.00,1969.00,101.00,108.00"	""	""	"200600"	"Engine_Run_Start"	"ENL"	"2024-06-23 20:06:00"	"1900-01-01 19:53:10"	"2024-06-23 20:01:00"	"2024-06-23 20:06:00"	"-0.73"	"Changing"	"False"	"6.061661513072387"	"Herbaceous vegetation"	"62.46"	"57.24"	"68.88"	"[60]"	"[814]"	"3682.66"	"1142.0"	"True"	"1142.0"	"2024-06-23 20:06:00"	"0"	"0.0"
"1379"	"09/21/2019"	"99LV83E1.igc"	"LAK-17B FES MINI"	"3:08:29"	"170850"	"201719"	"HOME"	"1299"	"7483[6001]"	"396"	"302"	"-94"	"Lak-17bMini.'s RPM monitor reports Engine Run 8 minutes, starts at T=172610 and: 2693 msl [1411 agl]; Height gain/loss is: -118
Lak-17bMini.'s RPM monitor reports Engine Run 4 minutes, starts at T=200121 and: 2378 msl [1092 agl]; Height gain/loss is: 1060
Lak-17bMini. Motor noise registered by MOP sensor at t=['172627', '173411', '200121', '200607', '200828', '200842'] and [1282, 1299, 1092, 584, 561, 525]AGL"	""	""	"172610,200121"	""	""	"2693,2378"	""	""	"1411.0,1092.0"	""	"172627,173411,200121,200607,200828,200842"	""	""	"1282.0,1299.0,1092.0,584.0,561.0,525.0"	""	"200121"	"Engine_Run_Start"	"RPM"	"2019-09-21 20:01:21"	"1900-01-01 17:08:50"	"2019-09-21 19:56:21"	"2019-09-21 20:01:21"	"-0.85"	"Changing"	"False"	"7.0369356361175415"	"Closed Forest, Deciduous Broadleaf"	"48.43,54.06"	"43.23,47.59"	"52.98,58.41"	"[480, 240]"	"[-118, 1060]"	"1304.09"	"1092.0"	"True"	"1411.0,1092.0"	"2019-09-21 20:01:21"	"0"	"0.0"
"1380"	"08/16/2021"	"18GVAA21.igc"	"ASG 32 MI"	"4:16:23"	"182229"	"223852"	"HOME"	"938"	"6988[6509]"	"286"	"280"	"-6"	"ASG32Mi's ENL monitor reports Engine Run 2 minutes, starts at T=182253 and: 990 msl [62 agl]; Height gain/loss is: 486
ASG32Mi's ENL monitor reports Engine Run 1 minutes, starts at T=182829 and: 2877 msl [1982 agl]; Height gain/loss is: -236
ASG32Mi Motor noise registered by ENL sensor at t=['182253', '182455', '182747', '182803', '182829', '183005'] and [62, 574, 1752, 1820, 1982, 1749]AGL"	"182253,182829"	""	""	"990,2877"	""	""	"62.0,1982.0"	""	""	"182253,182455,182747,182803,182829,183005"	""	""	"62.00,574.00,1752.00,1820.00,1982.00,1749.00"	""	""	"182829"	"Engine_Run_Start"	"ENL"	"2021-08-16 18:28:29"	"1900-01-01 18:22:29"	"2021-08-16 18:23:29"	"2021-08-16 18:28:29"	"1.7"	"Changing"	"True"	"5.631726695689284"	"Shrubs"	"77.72,60.95"	"63.97,53.42"	"82.51,71.71"	"[120, 60]"	"[486, -236]"	"892.12"	"1982.0"	"True"	"62.0,1982.0"	"2021-08-16 18:28:29"	"1"	"50.0"
"1383"	"06/07/2024"	"467V8KR1.igc"	"ASW 27-18 E (ASG-29E)"	"4:14:37"	"161711"	"203148"	"HOME"	"295"	"4685[4426]"	"90"	"95"	"5"	"ASG29E18m's ENL monitor reports Engine Run 14 minutes, starts at T=192257 and: 918 msl [679 agl]; Height gain/loss is: 2910
ASG29E18m Motor noise registered by ENL sensor at t=['192257', '193736'] and [679, 3546]AGL"	"192257"	""	""	"918"	""	""	"679.0"	""	""	"192257,193736"	""	""	"679.00,3546.00"	""	""	"192257"	"Engine_Run_Start"	"ENL"	"2024-06-07 19:22:57"	"1900-01-01 16:17:11"	"2024-06-07 19:17:57"	"2024-06-07 19:22:57"	"-0.54"	"Changing"	"True"	"4.990907510366606"	"Closed Forest, Other"	"70.61"	"55.43"	"80.94"	"[840]"	"[2910]"	"243.4"	"679.0"	"False"	"679.0"	"2024-06-07 19:22:57"	"1"	"100.0"
"1385"	"03/09/2023"	"339V8KR1.igc"	"ASW 27-18 E (ASG-29E)"	"2:03:03"	"200704"	"221007"	"HOME"	"144"	"5544[5397]"	"44"	"-28"	"-72"	"ASG29E18m's ENL monitor reports Engine Run 1 minutes, starts at T=215919 and: 1998 msl [1841 agl]; Height gain/loss is: 574
ASG29E18m Motor noise registered by ENL sensor at t=['215919', '220055'] and [1841, 2418]AGL"	"215919"	""	""	"1998"	""	""	"1841.0"	""	""	"215919,220055"	""	""	"1841.00,2418.00"	""	""	"215919"	"Engine_Run_Start"	"ENL"	"2023-03-09 21:59:19"	"1900-01-01 20:07:04"	"2023-03-09 21:54:19"	"2023-03-09 21:59:19"	"-1.02"	"Changing"	"False"	"8.37608737194813"	"Closed Forest, Evergreen Needleleaf"	"77.83"	"52.88"	"84.92"	"[60]"	"[574]"	"108.51"	"1841.0"	"True"	"1841.0"	"2023-03-09 21:59:19"	"0"	"0.0"
"1397"	"03/12/2016"	"63CV7RZ1.igc"	"ARCUS M"	"2:28:21"	"175420"	"202241"	"HOME"	"104"	"4399[4354]"	"32"	"-26"	"-58"	"ArcusM's ENL monitor reports Engine Run 3 minutes, starts at T=175420 and: 108 msl [-5 agl]; Height gain/loss is: 2034
ArcusM's ENL monitor reports Engine Run 3 minutes, starts at T=175931 and: 1492 msl [1358 agl]; Height gain/loss is: 1139
ArcusM Motor noise registered by ENL sensor at t=['175421', '175745', '175931', '180248'] and [-5, 1998, 1358, 2494]AGL"	"175420,175931"	""	""	"108,1492"	""	""	"-5.0,1358.0"	""	""	"175421,175745,175931,180248"	""	""	"-5.00,1998.00,1358.00,2494.00"	""	""	"175931"	"Engine_Run_Start"	"ENL"	"2016-03-12 17:59:31"	"1900-01-01 17:54:20"	"2016-03-12 17:54:31"	"2016-03-12 17:59:31"	"1.38"	"Changing"	"False"	"4.751177404108943"	"Closed Forest, Evergreen Needleleaf"	"58.76,59.16"	"43.27,53.32"	"69.79,64.56"	"[180, 180]"	"[2034, 1139]"	"124.79"	"1358.0"	"True"	"-5.0,1358.0"	"2016-03-12 17:59:31"	"1"	"50.0"
"1425"	"04/24/2019"	"94OV83L1.igc"	"ASW 27-18 E (ASG-29E)"	"4:50:19"	"164608"	"213627"	"HOME"	"423"	"4963[4669]"	"129"	"108"	"-21"	"ASG29E18m's ENL monitor reports Engine Run 8 minutes, starts at T=211731 and: 1013 msl [475 agl]; Height gain/loss is: 2136
ASG29E18m Motor noise registered by ENL sensor at t=['211731', '212531'] and [475, 2634]AGL"	"211731"	""	""	"1013"	""	""	"475.0"	""	""	"211731,212531"	""	""	"475.00,2634.00"	""	""	"211731"	"Engine_Run_Start"	"ENL"	"2019-04-24 21:17:31"	"1900-01-01 16:46:08"	"2019-04-24 21:12:31"	"2019-04-24 21:17:31"	"-0.42"	"Changing"	"True"	"5.076722199954106"	"Urban"	"66.97"	"36.61"	"90.71"	"[480]"	"[2136]"	"531.51"	"475.0"	"False"	"475.0"	"2019-04-24 21:17:31"	"1"	"100.0"
"1438"	"06/25/2024"	"46PVAAW1.igc"	"VENTUS 3M"	"4:53:52"	"182854"	"232246"	"HOME"	"3697"	"13001[8979]"	"1127"	"1096"	"-31"	"Ventus3M2021DLR's ENL monitor reports Engine Run 8 minutes, starts at T=182854 and: 3700 msl [3 agl]; Height gain/loss is: 2474
Ventus3M2021DLR's ENL monitor reports Engine Run 6 minutes, starts at T=230430 and: 5423 msl [1480 agl]; Height gain/loss is: 2880
Ventus3M2021DLR Motor noise registered by ENL sensor at t=['182855', '183739', '183838', '183839', '202654', '202655', '230430', '231031', '232236', '232245'] and [0, 2441, 2067, 2080, 6578, 6565, 1480, 4432, 108, 105]AGL"	"182854,230430"	""	""	"3700,5423"	""	""	"3.0,1480.0"	""	""	"182855,183739,183838,183839,202654,202655,230430,231031,232236,232245"	""	""	"0.00,2441.00,2067.00,2080.00,6578.00,6565.00,1480.00,4432.00,108.00,105.00"	""	""	"230430"	"Engine_Run_Start"	"ENL"	"2024-06-25 23:04:30"	"1900-01-01 18:28:54"	"2024-06-25 22:59:30"	"2024-06-25 23:04:30"	"-1.65"	"Changing"	"False"	"9.0103210805879"	"Herbaceous vegetation"	"66.68,67.47"	"44.07,43.72"	"75.36,77.84"	"[480, 360]"	"[2474, 2880]"	"3933.64"	"1480.0"	"True"	"3.0,1480.0"	"2024-06-25 23:04:30"	"1"	"50.0"
"1444"	"03/09/2023"	"339V83L1.igc"	"ASW 27-18 E (ASG-29E)"	"2:18:52"	"193402"	"215254"	"HOME"	"137"	"5816[5656]"	"42"	"-25"	"-67"	"ASG29E18m's ENL monitor reports Engine Run 2 minutes, starts at T=195342 and: 3772 msl [3628 agl]; Height gain/loss is: 614
ASG29E18m Motor noise registered by ENL sensor at t=['195342', '195622'] and [3628, 4272]AGL"	"195342"	""	""	"3772"	""	""	"3628.0"	""	""	"195342,195622"	""	""	"3628.00,4272.00"	""	""	"195342"	"Engine_Run_Start"	"ENL"	"2023-03-09 19:53:42"	"1900-01-01 19:34:02"	"2023-03-09 19:48:42"	"2023-03-09 19:53:42"	"0.79"	"Changing"	"True"	"5.031113958990934"	"Closed Forest, Other"	"70.56"	"63.95"	"80.89"	"[120]"	"[614]"	"126.47"	"3628.0"	"True"	"3628.0"	"2023-03-09 19:53:42"	"0"	"0.0"
"1461"	"08/14/2023"	"38EVAKJ1.igc"	"AS 33ES"	"3:35:38"	"184148"	"221726"	"HOME"	"931"	"7913[6978]"	"284"	"240"	"-44"	"AS33-18's ENL monitor reports Engine Run 1 minutes, starts at T=184724 and: 2601 msl [1683 agl]; Height gain/loss is: 486
AS33-18 Motor noise registered by ENL sensor at t=['184724', '184838', '221650', '221652'] and [1683, 2162, 69, 72]AGL"	"184724"	""	""	"2601"	""	""	"1683.0"	""	""	"184724,184838,221650,221652"	""	""	"1683.00,2162.00,69.00,72.00"	""	""	"184724"	"Engine_Run_Start"	"ENL"	"2023-08-14 18:47:24"	"1900-01-01 18:41:48"	"2023-08-14 18:42:24"	"2023-08-14 18:47:24"	"1.49"	"Changing"	"False"	"6.545491377940168"	"Open Forest, Other"	"67.80"	"53.45"	"78.39"	"[60]"	"[486]"	"922.09"	"1683.0"	"True"	"1683.0"	"2023-08-14 18:47:24"	"0"	"0.0"
"1464"	"07/30/2021"	"17UVAIK1.igc"	"VENTUS 3F"	"3:17:32"	"180757"	"212529"	"HOME"	"291"	"5114[4862]"	"89"	"36"	"-53"	"Ventus3F15m's RPM monitor reports Engine Run 5 minutes, starts at T=182714 and: 1266 msl [1007 agl]; Height gain/loss is: 650
Ventus3F15m Motor noise registered by MOP sensor at t=['182826', '183305'] and [1047, 1597]AGL"	""	""	"182714"	""	""	"1266"	""	""	"1007.0"	""	"182826,183305"	""	""	"1047.0,1597.0"	""	"182714"	"Engine_Run_Start"	"RPM"	"2021-07-30 18:27:14"	"1900-01-01 18:07:57"	"2021-07-30 18:22:14"	"2021-07-30 18:27:14"	"-0.57"	"Changing"	"False"	"6.0150128743239275"	"Open Forest, Other"	"48.41"	"41.85"	"54.08"	"[300]"	"[650]"	"252.48"	"1007.0"	"True"	"1007.0"	"2021-07-30 18:27:14"	"0"	"0.0"
"1484"	"03/13/2022"	"23DV7CD1.igc"	"ASH 26 E"	"1:56:53"	"185534"	"205227"	"HOME"	"137"	"4087[3954]"	"42"	"-106"	"-148"	"ASH26E's ENL monitor reports Engine Run 6 minutes, starts at T=190934 and: 931 msl [800 agl]; Height gain/loss is: 1995
ASH26E's ENL monitor reports Engine Run 5 minutes, starts at T=204349 and: 633 msl [496 agl]; Height gain/loss is: 1371
ASH26E Motor noise registered by ENL sensor at t=['190934', '191534', '204349', '204936', '205210', '205224'] and [800, 2782, 496, 1870, 53, 46]AGL"	"190934,204349"	""	""	"931,633"	""	""	"800.0,496.0"	""	""	"190934,191534,204349,204936,205210,205224"	""	""	"800.00,2782.00,496.00,1870.00,53.00,46.00"	""	""	"204349"	"Engine_Run_Start"	"ENL"	"2022-03-13 20:43:49"	"1900-01-01 18:55:34"	"2022-03-13 20:38:49"	"2022-03-13 20:43:49"	"-0.91"	"Changing"	"False"	"3.8931522240249783"	"Closed Forest, Other"	"64.64,63.53"	"40.79,47.34"	"81.04,79.42"	"[360, 300]"	"[1995, 1371]"	"168.24"	"496.0"	"False"	"800.0,496.0"	"2022-03-13 20:43:49"	"2"	"100.0"
"1504"	"03/15/2020"	"03FV83L1.igc"	"ASW 27-18 E (ASG-29E)"	"4:10:57"	"164800"	"205857"	"HOME"	"144"	"5902[5801]"	"44"	"-65"	"-109"	"ASG29E18m's ENL monitor reports Engine Run 1 minutes, starts at T=171130 and: 3802 msl [3681 agl]; Height gain/loss is: 338
ASG29E18m Motor noise registered by ENL sensor at t=['171130', '171234'] and [3681, 4045]AGL"	"171130"	""	""	"3802"	""	""	"3681.0"	""	""	"171130,171234"	""	""	"3681.00,4045.00"	""	""	"171130"	"Engine_Run_Start"	"ENL"	"2020-03-15 17:11:30"	"1900-01-01 16:48:00"	"2020-03-15 17:06:30"	"2020-03-15 17:11:30"	"0.31"	"Changing"	"False"	"5.686839593553472"	"Closed Forest, Evergreen Needleleaf"	"77.85"	"66.75"	"85.58"	"[60]"	"[338]"	"140.75"	"3681.0"	"True"	"3681.0"	"2020-03-15 17:11:30"	"0"	"0.0"
"1543"	"06/12/2021"	"16CVAHZ1 - 43.igc"	"Twinshark"	"2:26:25"	"202149"	"224814"	"LOUT"	"2644"	"9648[5732]"	"806"	"794"	"-12"	"Twinshark's ENL monitor reports Engine Run 6 minutes, starts at T=202149 and: 2644 msl [-9 agl]; Height gain/loss is: 2477
Twinshark's ENL monitor reports Engine Run 1 minutes, starts at T=223829 and: 6118 msl [3487 agl]; Height gain/loss is: 4
Twinshark Motor noise registered by ENL sensor at t=['202150', '202759', '223829', '224009'] and [-9, 2369, 3487, 3465]AGL"	"202149,223829"	""	""	"2644,6118"	""	""	"-9.0,3487.0"	""	""	"202150,202759,223829,224009"	""	""	"-9.00,2369.00,3487.00,3465.00"	""	""	"223829"	"Engine_Run_Start"	"ENL"	"2021-06-12 22:38:29"	"1900-01-01 20:21:49"	"2021-06-12 22:33:29"	"2021-06-12 22:38:29"	"-2.18"	"Changing"	"False"	"9.448778910181234"	"Herbaceous vegetation"	"75.73,70.48"	"49.90,58.01"	"89.05,84.96"	"[360, 60]"	"[2477, 4]"	"2630.04"	"3487.0"	"True"	"-9.0,3487.0"	"2021-06-12 22:38:29"	"1"	"50.0"
"1549"	"08/15/2021"	"18FVACN1.igc"	"ASH 31 MI"	"3:48:13"	"174327"	"213140"	"HOME"	"948"	"6541[5843]"	"289"	"246"	"-43"	"ASH3118Mjune's ENL monitor reports Engine Run 2 minutes, starts at T=174327 and: 948 msl [10 agl]; Height gain/loss is: 1827
ASH3118Mjune's ENL monitor reports Engine Run 2 minutes, starts at T=174642 and: 2942 msl [2053 agl]; Height gain/loss is: 1611
ASH3118Mjune Motor noise registered by ENL sensor at t=['174328', '174623', '174624', '174636', '174642', '174941', '213126', '213129', '213131', '213134', '213139', '213140'] and [10, 1867, 1884, 1975, 2053, 3671, 124, 109, 109, 112, 108, 108]AGL"	"174327,174642"	""	""	"948,2942"	""	""	"10.0,2053.0"	""	""	"174328,174623,174624,174636,174642,174941,213126,213129,213131,213134,213139,213140"	""	""	"10.00,1867.00,1884.00,1975.00,2053.00,3671.00,124.00,109.00,109.00,112.00,108.00,108.00"	""	""	"174642"	"Engine_Run_Start"	"ENL"	"2021-08-15 17:46:42"	"1900-01-01 17:43:27"	"2021-08-15 17:41:42"	"2021-08-15 17:46:42"	"2.03"	"Changing"	"False"	"3.567899872588124"	"Open Forest, Other"	"72.74,64.93"	"54.70,55.37"	"84.09,84.49"	"[120, 120]"	"[1827, 1611]"	"893.17"	"2053.0"	"True"	"10.0,2053.0"	"2021-08-15 17:46:42"	"1"	"50.0"
"1558"	"03/13/2020"	"03DVAAW2.igc"	"VENTUS 3M"	"1:10:26"	"181922"	"192948"	"HOME"	"137"	"5495[5387]"	"42"	"-40"	"-82"	"Ventus3M's ENL monitor reports Engine Run 7 minutes, starts at T=181922 and: 141 msl [20 agl]; Height gain/loss is: 3500
Ventus3M's ENL monitor reports Engine Run 3 minutes, starts at T=184010 and: 3602 msl [3498 agl]; Height gain/loss is: 1539
Ventus3M's ENL monitor reports Engine Run 5 minutes, starts at T=185859 and: 2057 msl [1920 agl]; Height gain/loss is: 2929
Ventus3M Motor noise registered by ENL sensor at t=['181923', '182648', '184010', '184348', '185859', '190457', '192935', '192946'] and [20, 3510, 3498, 5023, 1920, 4862, 66, 49]AGL"	"181922,184010,185859"	""	""	"141,3602,2057"	""	""	"20.0,3498.0,1920.0"	""	""	"181923,182648,184010,184348,185859,190457,192935,192946"	""	""	"20.00,3510.00,3498.00,5023.00,1920.00,4862.00,66.00,49.00"	""	""	"184010"	"Engine_Run_Start"	"ENL"	"2020-03-13 18:40:10"	"1900-01-01 18:19:22"	"2020-03-13 18:35:10"	"2020-03-13 18:40:10"	"-0.36"	"Changing"	"False"	"7.156178663020608"	"Open Forest, Other"	"57.34,63.51,61.01"	"39.63,56.10,54.27"	"63.91,72.93,67.20"	"[420, 180, 300]"	"[3500, 1539, 2929]"	"115.48"	"3498.0"	"True"	"20.0,3498.0,1920.0"	"2020-03-13 18:40:10"	"1"	"33.33333333333333"
"1561"	"06/16/2021"	"16GV7VE1.igc"	"ASH 31 MI"	"4:01:55"	"195625"	"235820"	"HOME"	"1253"	"8871[6775]"	"382"	"280"	"-102"	"ASH31/21m's ENL monitor reports Engine Run 5 minutes, starts at T=195625 and: 1250 msl [-25 agl]; Height gain/loss is: 2647
ASH31/21m's ENL monitor reports Engine Run 2 minutes, starts at T=201457 and: 2614 msl [1348 agl]; Height gain/loss is: 1608
ASH31/21m Motor noise registered by ENL sensor at t=['195629', '200145', '201457', '201745'] and [-32, 2109, 1348, 2179]AGL"	"195625,201457"	""	""	"1250,2614"	""	""	"-25.0,1348.0"	""	""	"195629,200145,201457,201745"	""	""	"-32.00,2109.00,1348.00,2179.00"	""	""	"201457"	"Engine_Run_Start"	"ENL"	"2021-06-16 20:14:57"	"1900-01-01 19:56:25"	"2021-06-16 20:09:57"	"2021-06-16 20:14:57"	"-0.47"	"Changing"	"False"	"4.850934121342736"	"Open Forest, Other"	"71.40,68.37"	"58.12,50.51"	"83.61,85.46"	"[300, 120]"	"[2647, 1608]"	"1267.53"	"1348.0"	"True"	"-25.0,1348.0"	"2021-06-16 20:14:57"	"1"	"50.0"
"1566"	"07/03/2021"	"173VACN1.igc"	"ASH 31 MI"	" 5:41:50"	"194357"	"12547"	"HOME"	"4996"	"16988[11677]"	"1523"	"1460"	"-63"	"ASH3118Mjune's ENL monitor reports Engine Run 1 minutes, starts at T=194357 and: 4990 msl [-2 agl]; Height gain/loss is: 672
ASH3118Mjune's ENL monitor reports Engine Run 1 minutes, starts at T=194855 and: 7798 msl [2779 agl]; Height gain/loss is: 1588
ASH3118Mjune Motor noise registered by ENL sensor at t=['194358', '194547', '194557', '194616', '194619', '194623', '194706', '194759', '194811', '194821', '194824', '194842', '194855', '195044', '195045', '195048', '195052', '195054', '012540', '012543', '012544', '012545'] and [0, 662, 685, 876, 892, 939, 1361, 1795, 1906, 1969, 2044, 2496, 2779, 4380, 4396, 4422, 4495, 4514, 88, 88, 88, 88]AGL"	"194357,194855"	""	""	"4990,7798"	""	""	"-2.0,2779.0"	""	""	"194358,194547,194557,194616,194619,194623,194706,194759,194811,194821,194824,194842,194855,195044,195045,195048,195052,195054,12540,12543,12544,12545"	""	""	"0.00,662.00,685.00,876.00,892.00,939.00,1361.00,1795.00,1906.00,1969.00,2044.00,2496.00,2779.00,4380.00,4396.00,4422.00,4495.00,4514.00,88.00,88.00,88.00,88.00"	""	""	"194855"	"Engine_Run_Start"	"ENL"	"2021-07-03 19:48:55"	"1900-01-01 19:43:57"	"2021-07-03 19:43:55"	"2021-07-03 19:48:55"	"2.85"	"Changing"	"False"	"6.602996899917462"	"Herbaceous vegetation"	"69.75,72.59"	"55.85,61.85"	"82.24,89.17"	"[60, 60]"	"[672, 1588]"	"5008.44"	"2779.0"	"True"	"-2.0,2779.0"	"2021-07-03 19:48:55"	"1"	"50.0"
"1568"	"06/15/2021"	"16FVAHZ1.igc"	"Twinshark"	"3:43:56"	"191322"	"225718"	"HOME"	"2624"	"10036[7182]"	"800"	"715"	"-85"	"Twinshark's ENL monitor reports Engine Run 10 minutes, starts at T=191322 and: 2631 msl [4 agl]; Height gain/loss is: 2857
Twinshark's ENL monitor reports Engine Run 21 minutes, starts at T=221717 and: 4625 msl [774 agl]; Height gain/loss is: 4321
Twinshark Motor noise registered by ENL sensor at t=['191323', '192325', '221717', '223916'] and [4, 1965, 774, 6151]AGL"	"191322,221717"	""	""	"2631,4625"	""	""	"4.0,774.0"	""	""	"191323,192325,221717,223916"	""	""	"4.00,1965.00,774.00,6151.00"	""	""	"221717"	"Engine_Run_Start"	"ENL"	"2021-06-15 22:17:17"	"1900-01-01 19:13:22"	"2021-06-15 22:12:17"	"2021-06-15 22:17:17"	"-0.75"	"Changing"	"False"	"5.315989031945772"	"Closed Forest, Evergreen Needleleaf"	"75.59,80.78"	"45.77,48.79"	"86.59,90.72"	"[600, 1260]"	"[2857, 4321]"	"3848.43"	"774.0"	"False"	"4.0,774.0"	"2021-06-15 22:17:17"	"2"	"100.0"
"1609"	"08/07/2021"	"187VAEQ1.igc"	"ASH 31 MI"	"1:35:51"	"175437"	"193028"	"HOME"	"295"	"4265[3996]"	"90"	"56"	"-34"	"ASH31/21m's ENL monitor reports Engine Run 4 minutes, starts at T=175437 and: 301 msl [3 agl]; Height gain/loss is: 1926
ASH31/21m's ENL monitor reports Engine Run 1 minutes, starts at T=184706 and: 1847 msl [1490 agl]; Height gain/loss is: 423
ASH31/21m Motor noise registered by ENL sensor at t=['175439', '175848', '184706', '184818', '193006', '193024'] and [0, 1876, 1490, 1916, 26, 36]AGL"	"175437,184706"	""	""	"301,1847"	""	""	"3.0,1490.0"	""	""	"175439,175848,184706,184818,193006,193024"	""	""	"0.00,1876.00,1490.00,1916.00,26.00,36.00"	""	""	"184706"	"Engine_Run_Start"	"ENL"	"2021-08-07 18:47:06"	"1900-01-01 17:54:37"	"2021-08-07 18:42:06"	"2021-08-07 18:47:06"	"-0.76"	"Changing"	"False"	"5.589459648046721"	"Closed Forest, Evergreen Needleleaf"	"64.00,64.65"	"55.24,55.59"	"80.28,74.44"	"[240, 60]"	"[1926, 423]"	"352.68"	"1490.0"	"True"	"3.0,1490.0"	"2021-08-07 18:47:06"	"1"	"50.0"
"1610"	"07/01/2021"	"171VACN1.igc"	"ASH 31 MI"	"4:09:58"	"192619"	"233617"	"LOUT"	"4993"	"14773[10180]"	"1522"	"1460"	"-62"	"ASH3118Mjune's ENL monitor reports Engine Run 1 minutes, starts at T=192621 and: 4996 msl [-3 agl]; Height gain/loss is: 597
ASH3118Mjune's ENL monitor reports Engine Run 1 minutes, starts at T=192951 and: 6535 msl [1188 agl]; Height gain/loss is: 138
ASH3118Mjune Motor noise registered by ENL sensor at t=['192621', '192744', '192753', '192801', '192951', '193138', '193236', '193253', '193259', '193304', '193338', '193343', '193413', '193426', '193501', '193514', '193515', '193517', '193518', '193521', '233552', '233553', '233612', '233615'] and [-3, 584, 669, 685, 1188, 1559, 1224, 1191, 1263, 1319, 1798, 1847, 2421, 2559, 3150, 3218, 3218, 3222, 3222, 3215, 72, 72, 76, 72]AGL"	"192621,192951"	""	""	"4996,6535"	""	""	"-3.0,1188.0"	""	""	"192621,192744,192753,192801,192951,193138,193236,193253,193259,193304,193338,193343,193413,193426,193501,193514,193515,193517,193518,193521,233552,233553,233612,233615"	""	""	"-3.00,584.00,669.00,685.00,1188.00,1559.00,1224.00,1191.00,1263.00,1319.00,1798.00,1847.00,2421.00,2559.00,3150.00,3218.00,3218.00,3222.00,3222.00,3215.00,72.00,72.00,76.00,72.00"	""	""	"192951"	"Engine_Run_Start"	"ENL"	"2021-07-01 19:29:51"	"1900-01-01 19:26:19"	"2021-07-01 19:24:51"	"2021-07-01 19:29:51"	"1.56"	"Changing"	"False"	"3.924434717685387"	"Shrubs"	"74.33,65.64"	"52.32,56.98"	"84.77,77.72"	"[60, 60]"	"[597, 138]"	"5324.92"	"1188.0"	"True"	"-3.0,1188.0"	"2021-07-01 19:29:51"	"1"	"50.0"
"1613"	"08/04/2021"	"184VAEQ1.igc"	"ASH 31 MI"	"5:00:08"	"163841"	"213849"	"HOME"	"318"	"4307[4048]"	"97"	"62"	"-35"	"ASH31/21m's ENL monitor reports Engine Run 3 minutes, starts at T=163841 and: 324 msl [13 agl]; Height gain/loss is: 1900
ASH31/21m's ENL monitor reports Engine Run 2 minutes, starts at T=165130 and: 1358 msl [1067 agl]; Height gain/loss is: 1056
ASH31/21m's ENL monitor reports Engine Run 4 minutes, starts at T=173944 and: 1263 msl [896 agl]; Height gain/loss is: 1023
ASH31/21m Motor noise registered by ENL sensor at t=['163843', '164237', '165130', '165418', '173944', '174348', '213825', '213843'] and [17, 1877, 1067, 2132, 896, 1906, 85, 73]AGL"	"163841,165130,173944"	""	""	"324,1358,1263"	""	""	"13.0,1067.0,896.0"	""	""	"163843,164237,165130,165418,173944,174348,213825,213843"	""	""	"17.00,1877.00,1067.00,2132.00,896.00,1906.00,85.00,73.00"	""	""	"165130"	"Engine_Run_Start"	"ENL"	"2021-08-04 16:51:30"	"1900-01-01 16:38:41"	"2021-08-04 16:46:30"	"2021-08-04 16:51:30"	"-0.54"	"Changing"	"False"	"5.44878787972224"	"Herbaceous vegetation"	"67.93,63.91,59.62"	"58.96,43.54,41.64"	"78.15,78.21,73.23"	"[180, 120, 240]"	"[1900, 1056, 1023]"	"269.13"	"1067.0"	"True"	"13.0,1067.0,896.0"	"2021-08-04 16:51:30"	"2"	"66.66666666666666"
"1625"	"03/11/2013"	"33BVJBN1.igc"	"LS 10-ST"	"3:00:14"	"165046"	"195100"	"HOME"	"131"	"4826[4704]"	"40"	"2"	"-38"	"LS10-st-18's ENL monitor reports Engine Run 1 minutes, starts at T=165533 and: 1666 msl [1548 agl]; Height gain/loss is: 502
LS10-st-18's ENL monitor reports Engine Run 9 minutes, starts at T=193755 and: 577 msl [400 agl]; Height gain/loss is: 1611
LS10-st-18 Motor noise registered by ENL sensor at t=['165533', '165709', '171911', '171915', '193755', '194703'] and [1548, 2034, 3917, 3884, 400, 2038]AGL"	"165533,193755"	""	""	"1666,577"	""	""	"1548.0,400.0"	""	""	"165533,165709,171911,171915,193755,194703"	""	""	"1548.00,2034.00,3917.00,3884.00,400.00,2038.00"	""	""	"165533"	"Engine_Run_Start"	"ENL"	"2013-03-11 16:55:33"	"1900-01-01 16:50:46"	"2013-03-11 16:50:33"	"2013-03-11 16:55:33"	"1.56"	"Changing"	"False"	"6.357978631572271"	"Open Forest, Other"	"61.55,53.36"	"53.67,47.49"	"89.49,85.32"	"[60, 540]"	"[502, 1611]"	"110.8"	"1548.0"	"True"	"1548.0,400.0"	"2013-03-11 16:55:33"	"1"	"50.0"
"1626"	"08/24/2023"	"38OV7SK1.igc"	"EB29"	"5:46:56"	"173618"	"232314"	"HOME"	"948"	"9606[8136]"	"289"	"242"	"-47"	"EB29/28.3m's ENL monitor reports Engine Run 9 minutes, starts at T=173618 and: 954 msl [29 agl]; Height gain/loss is: 2064
EB29/28.3m's ENL monitor reports Engine Run 1 minutes, starts at T=174703 and: 2959 msl [2015 agl]; Height gain/loss is: -13
EB29/28.3m Motor noise registered by ENL sensor at t=['173619', '174616', '174703', '174842'] and [29, 2103, 2015, 1988]AGL"	"173618,174703"	""	""	"954,2959"	""	""	"29.0,2015.0"	""	""	"173619,174616,174703,174842"	""	""	"29.00,2103.00,2015.00,1988.00"	""	""	"174703"	"Engine_Run_Start"	"ENL"	"2023-08-24 17:47:03"	"1900-01-01 17:36:18"	"2023-08-24 17:42:03"	"2023-08-24 17:47:03"	"0.25"	"Changing"	"False"	"5.1872746036223685"	"Shrubs"	"52.48,60.08"	"38.42,55.90"	"59.89,64.44"	"[540, 60]"	"[2064, -13]"	"947.8"	"2015.0"	"True"	"29.0,2015.0"	"2023-08-24 17:47:03"	"1"	"50.0"
"1630"	"03/25/2024"	"43PVALM1.igc"	"AS 33ES"	"5:07:20"	"163026"	"213746"	"HOME"	"137"	"5062[5026]"	"42"	"-10"	"-52"	"AS33Es18m's ENL monitor reports Engine Run 17 minutes, starts at T=211137 and: 1217 msl [1113 agl]; Height gain/loss is: 2824
AS33Es18m Motor noise registered by ENL sensor at t=['163029', '163030', '211137', '212839', '213732', '213737'] and [-22, -19, 1113, 3923, 50, 79]AGL"	"211137"	""	""	"1217"	""	""	"1113.0"	""	""	"163029,163030,211137,212839,213732,213737"	""	""	"-22.00,-19.00,1113.00,3923.00,50.00,79.00"	""	""	"211137"	"Engine_Run_Start"	"ENL"	"2024-03-25 21:11:37"	"1900-01-01 16:30:26"	"2024-03-25 21:06:37"	"2024-03-25 21:11:37"	"-0.53"	"Changing"	"False"	"5.717359169010961"	"Closed Forest, Evergreen Needleleaf"	"72.02"	"42.73"	"85.82"	"[1020]"	"[2824]"	"117.09"	"1113.0"	"True"	"1113.0"	"2024-03-25 21:11:37"	"0"	"0.0"
"1632"	"05/31/2021"	"15VV7VE1.igc"	"ASH 31 MI"	" 5:08:48"	"195454"	"10342"	"HOME"	"4734"	"17191[9682]"	"1443"	"1356"	"-87"	"ASH31/21m's ENL monitor reports Engine Run 6 minutes, starts at T=195454 and: 4734 msl [43 agl]; Height gain/loss is: 2346
ASH31/21m's ENL monitor reports Engine Run 1 minutes, starts at T=200254 and: 6817 msl [1650 agl]; Height gain/loss is: 702
ASH31/21m Motor noise registered by ENL sensor at t=['195458', '200110', '200254', '200402'] and [43, 2041, 1650, 2070]AGL"	"195454,200254"	""	""	"4734,6817"	""	""	"43.0,1650.0"	""	""	"195458,200110,200254,200402"	""	""	"43.00,2041.00,1650.00,2070.00"	""	""	"200254"	"Engine_Run_Start"	"ENL"	"2021-05-31 20:02:54"	"1900-01-01 19:54:54"	"2021-05-31 19:57:54"	"2021-05-31 20:02:54"	"0.93"	"Changing"	"False"	"6.080551600552941"	"Shrubs"	"74.55,70.97"	"60.04,63.66"	"85.53,78.66"	"[360, 60]"	"[2346, 702]"	"5155.77"	"1650.0"	"True"	"43.0,1650.0"	"2021-05-31 20:02:54"	"1"	"50.0"
"1637"	"08/15/2021"	"18FVAA22.igc"	"ASG 32 MI"	"4:10:35"	"180209"	"221244"	"HOME"	"925"	"6269[5522]"	"282"	"256"	"-26"	"ASG32Mi's ENL monitor reports Engine Run 1 minutes, starts at T=180455 and: 1679 msl [787 agl]; Height gain/loss is: 499
ASG32Mi's ENL monitor reports Engine Run 1 minutes, starts at T=180611 and: 2306 msl [1398 agl]; Height gain/loss is: 646
ASG32Mi Motor noise registered by ENL sensor at t=['180455', '180555', '180611', '180735'] and [787, 1260, 1398, 2044]AGL"	"180455,180611"	""	""	"1679,2306"	""	""	"787.0,1398.0"	""	""	"180455,180555,180611,180735"	""	""	"787.00,1260.00,1398.00,2044.00"	""	""	"180611"	"Engine_Run_Start"	"ENL"	"2021-08-15 18:06:11"	"1900-01-01 18:02:09"	"2021-08-15 18:01:11"	"2021-08-15 18:06:11"	"1.4"	"Changing"	"False"	"4.409794618473982"	"Open Forest, Other"	"76.50,69.59"	"67.42,58.89"	"84.21,81.18"	"[60, 60]"	"[499, 646]"	"906.65"	"1398.0"	"True"	"787.0,1398.0"	"2021-08-15 18:06:11"	"1"	"50.0"
"1641"	"03/19/2024"	"43JVAP12.igc"	"Twinshark"	"3:12:33"	"173145"	"204418"	"HOME"	"137"	"3989[3845]"	"42"	"-32"	"-74"	"Twinshark's ENL monitor reports Engine Run 4 minutes, starts at T=182657 and: 1446 msl [1299 agl]; Height gain/loss is: 1565
Twinshark's ENL monitor reports Engine Run 4 minutes, starts at T=203135 and: 1568 msl [1473 agl]; Height gain/loss is: 1640
Twinshark Motor noise registered by ENL sensor at t=['174249', '174250', '174251', '174326', '182657', '183119', '203135', '203559', '203618', '203620'] and [2267, 2261, 2251, 2559, 1299, 2877, 1473, 3090, 2999, 2979]AGL"	"182657,203135"	""	""	"1446,1568"	""	""	"1299.0,1473.0"	""	""	"174249,174250,174251,174326,182657,183119,203135,203559,203618,203620"	""	""	"2267.00,2261.00,2251.00,2559.00,1299.00,2877.00,1473.00,3090.00,2999.00,2979.00"	""	""	"203135"	"Engine_Run_Start"	"ENL"	"2024-03-19 20:31:35"	"1900-01-01 17:31:45"	"2024-03-19 20:26:35"	"2024-03-19 20:31:35"	"-0.75"	"Changing"	"False"	"5.826821738881165"	"Herbaceous vegetation"	"78.82,78.50"	"41.43,47.80"	"85.71,86.02"	"[240, 240]"	"[1565, 1640]"	"90.48"	"1473.0"	"True"	"1299.0,1473.0"	"2024-03-19 20:31:35"	"0"	"0.0"
"1649"	"06/25/2024"	"46PV8KR1.igc"	"ASW 27-18 E (ASG-29E)"	"4:13:29"	"191707"	"233036"	"HOME"	"3704"	"13234[9084]"	"1129"	"1100"	"-29"	"ASG29E15m's ENL monitor reports Engine Run 10 minutes, starts at T=230912 and: 5406 msl [1348 agl]; Height gain/loss is: 3229
ASG29E15m Motor noise registered by ENL sensor at t=['230912', '232003'] and [1348, 4679]AGL"	"230912"	""	""	"5406"	""	""	"1348.0"	""	""	"230912,232003"	""	""	"1348.00,4679.00"	""	""	"230912"	"Engine_Run_Start"	"ENL"	"2024-06-25 23:09:12"	"1900-01-01 19:17:07"	"2024-06-25 23:04:12"	"2024-06-25 23:09:12"	"-0.42"	"Changing"	"True"	"6.370548794911778"	"Herbaceous vegetation"	"77.60"	"50.96"	"91.57"	"[600]"	"[3229]"	"4053.73"	"1348.0"	"True"	"1348.0"	"2024-06-25 23:09:12"	"0"	"0.0"
"1660"	"03/09/2013"	"339VJBN1.igc"	"LS 10-ST"	"0:59:33"	"184649"	"194622"	"HOME"	"137"	"4396[4262]"	"42"	"-27"	"-69"	"LS10-st-18's ENL monitor reports Engine Run 2 minutes, starts at T=190111 and: 3494 msl [3340 agl]; Height gain/loss is: 902
LS10-st-18's ENL monitor reports Engine Run 2 minutes, starts at T=193835 and: 1085 msl [967 agl]; Height gain/loss is: 949
LS10-st-18 Motor noise registered by ENL sensor at t=['184652', '184653', '190111', '190347', '193835', '194131', '194555', '194611'] and [20, 20, 3340, 4262, 967, 1887, 42, 17]AGL"	"190111,193835"	""	""	"3494,1085"	""	""	"3340.0,967.0"	""	""	"184652,184653,190111,190347,193835,194131,194555,194611"	""	""	"20.00,20.00,3340.00,4262.00,967.00,1887.00,42.00,17.00"	""	""	"190111"	"Engine_Run_Start"	"ENL"	"2013-03-09 19:01:11"	"1900-01-01 18:46:49"	"2013-03-09 18:56:11"	"2013-03-09 19:01:11"	"-0.25"	"Changing"	"True"	"5.5660833335393445"	"Closed Forest, Evergreen Needleleaf"	"62.21,54.75"	"51.54,46.93"	"98.03,92.48"	"[120, 120]"	"[902, 949]"	"139.01"	"3340.0"	"True"	"3340.0,967.0"	"2013-03-09 19:01:11"	"1"	"50.0"
"1667"	"04/22/2019"	"94MV7R11.igc"	"ASW 27-18 E (ASG-29E)"	"3:48:37"	"173431"	"212308"	"HOME"	"442"	"4534[4302]"	"135"	"50"	"-85"	"ASG29E18m's ENL monitor reports Engine Run 16 minutes, starts at T=210017 and: 889 msl [558 agl]; Height gain/loss is: 2145
ASG29E18m Motor noise registered by ENL sensor at t=['210017', '211633', '212245', '212259'] and [558, 2746, 86, 85]AGL"	"210017"	""	""	"889"	""	""	"558.0"	""	""	"210017,211633,212245,212259"	""	""	"558.00,2746.00,86.00,85.00"	""	""	"210017"	"Engine_Run_Start"	"ENL"	"2019-04-22 21:00:17"	"1900-01-01 17:34:31"	"2019-04-22 20:55:17"	"2019-04-22 21:00:17"	"-0.6"	"Changing"	"False"	"5.190437086319158"	"Herbaceous vegetation"	"67.23"	"45.50"	"82.62"	"[960]"	"[2145]"	"324.72"	"558.0"	"False"	"558.0"	"2019-04-22 21:00:17"	"1"	"100.0"
"1671"	"03/09/2018"	"839V7H21.igc"	"ARCUS M"	"2:23:55"	"181344"	"203739"	"HOME"	"137"	"3526[3389]"	"42"	"-53"	"-95"	"ArcusM's ENL monitor reports Engine Run 6 minutes, starts at T=191653 and: 711 msl [564 agl]; Height gain/loss is: 2428
ArcusM's ENL monitor reports Engine Run 5 minutes, starts at T=202100 and: 1043 msl [896 agl]; Height gain/loss is: 2359
ArcusM Motor noise registered by ENL sensor at t=['181345', '181349', '191653', '192312', '202100', '202609', '203722', '203734'] and [3, 6, 564, 3015, 896, 3268, 49, 46]AGL"	"191653,202100"	""	""	"711,1043"	""	""	"564.0,896.0"	""	""	"181345,181349,191653,192312,202100,202609,203722,203734"	""	""	"3.00,6.00,564.00,3015.00,896.00,3268.00,49.00,46.00"	""	""	"202100"	"Engine_Run_Start"	"ENL"	"2018-03-09 20:21:00"	"1900-01-01 18:13:44"	"2018-03-09 20:16:00"	"2018-03-09 20:21:00"	"-0.82"	"Changing"	"True"	"5.662986104711675"	"Closed Forest, Other"	"66.24,62.93"	"42.49,42.06"	"83.53,84.00"	"[360, 300]"	"[2428, 2359]"	"135.54"	"896.0"	"False"	"564.0,896.0"	"2018-03-09 20:21:00"	"2"	"100.0"
"1685"	"06/27/2019"	"96RV7R11.igc"	"ASW 27-18 E (ASG-29E)"	"4:56:31"	"182622"	"232253"	"HOME"	"3687"	"8730[5285]"	"1124"	"1034"	"-90"	"ASG29E18m's ENL monitor reports Engine Run 19 minutes, starts at T=225156 and: 4271 msl [932 agl]; Height gain/loss is: 3632
ASG29E18m Motor noise registered by ENL sensor at t=['225156', '231108'] and [932, 4403]AGL"	"225156"	""	""	"4271"	""	""	"932.0"	""	""	"225156,231108"	""	""	"932.00,4403.00"	""	""	"225156"	"Engine_Run_Start"	"ENL"	"2019-06-27 22:51:56"	"1900-01-01 18:26:22"	"2019-06-27 22:46:56"	"2019-06-27 22:51:56"	"-1.32"	"Changing"	"False"	"6.36878647300543"	"Herbaceous vegetation"	"70.55"	"58.56"	"84.25"	"[1140]"	"[3632]"	"3345.43"	"932.0"	"False"	"932.0"	"2019-06-27 22:51:56"	"1"	"100.0"
"1687"	"10/02/2021"	"1A2V7GT1.igc"	"ASH 26 E"	"1:50:50"	"171052"	"190142"	"HOME"	"554"	"3490[3021]"	"169"	"82"	"-87"	"ASH26E's ENL monitor reports Engine Run 5 minutes, starts at T=171052 and: 547 msl [-6 agl]; Height gain/loss is: 2051
ASH26E's ENL monitor reports Engine Run 3 minutes, starts at T=173052 and: 1223 msl [594 agl]; Height gain/loss is: 857
ASH26E's ENL monitor reports Engine Run 6 minutes, starts at T=184044 and: 1414 msl [837 agl]; Height gain/loss is: 2004
ASH26E Motor noise registered by ENL sensor at t=['171053', '171605', '173048', '173050', '173052', '173407', '184044', '184658'] and [-9, 2083, 617, 607, 594, 1503, 837, 2953]AGL"	"171052,173052,184044"	""	""	"547,1223,1414"	""	""	"-6.0,594.0,837.0"	""	""	"171053,171605,173048,173050,173052,173407,184044,184658"	""	""	"-9.00,2083.00,617.00,607.00,594.00,1503.00,837.00,2953.00"	""	""	"173052"	"Engine_Run_Start"	"ENL"	"2021-10-02 17:30:52"	"1900-01-01 17:10:52"	"2021-10-02 17:25:52"	"2021-10-02 17:30:52"	"-0.39"	"Changing"	"False"	"5.14515084651111"	"Closed Forest, Deciduous Broadleaf"	"56.87,56.33,56.17"	"42.04,51.30,52.63"	"65.79,60.82,60.83"	"[300, 180, 360]"	"[2051, 857, 2004]"	"619.42"	"594.0"	"False"	"-6.0,594.0,837.0"	"2021-10-02 17:30:52"	"3"	"100.0"
"1710"	"06/01/2023"	"361V6WG1.igc"	"ASH 31 MI"	"4:42:49"	"182855"	"231144"	"HOME"	"2043"	"11732[8009]"	"623"	"628"	"5"	"ASH31/18m's ENL monitor reports Engine Run 1 minutes, starts at T=182855 and: 2047 msl [0 agl]; Height gain/loss is: 580
ASH31/18m's ENL monitor reports Engine Run 2 minutes, starts at T=183019 and: 2644 msl [614 agl]; Height gain/loss is: 1315
ASH31/18m Motor noise registered by ENL sensor at t=['182857', '183012', '183019', '183246', '231119'] and [0, 590, 614, 1965, 69]AGL"	"182855,183019"	""	""	"2047,2644"	""	""	"0.0,614.0"	""	""	"182857,183012,183019,183246,231119"	""	""	"0.00,590.00,614.00,1965.00,69.00"	""	""	"183019"	"Engine_Run_Start"	"ENL"	"2023-06-01 18:30:19"	"1900-01-01 18:28:55"	"2023-06-01 18:25:19"	"2023-06-01 18:30:19"	"0.61"	"Changing"	"False"	"1.654185553338936"	"Shrubs"	"52.22,60.89"	"0.00,51.33"	"64.96,71.32"	"[60, 120]"	"[580, 1315]"	"2039.78"	"614.0"	"False"	"0.0,614.0"	"2023-06-01 18:30:19"	"2"	"100.0"
"1723"	"03/19/2024"	"43JVABC1.igc"	"ARCUS M"	"3:03:12"	"174330"	"204642"	"HOME"	"137"	"3510[3379]"	"42"	"-27"	"-69"	"ArcusM's ENL monitor reports Engine Run 2 minutes, starts at T=174940 and: 2237 msl [2116 agl]; Height gain/loss is: 558
ArcusM's ENL monitor reports Engine Run 6 minutes, starts at T=203122 and: 961 msl [824 agl]; Height gain/loss is: 2188
ArcusM Motor noise registered by ENL sensor at t=['174940', '175200', '190710', '190711', '203122', '203737'] and [2116, 2684, 2510, 2500, 824, 3048]AGL"	"174940,203122"	""	""	"2237,961"	""	""	"2116.0,824.0"	""	""	"174940,175200,190710,190711,203122,203737"	""	""	"2116.00,2684.00,2510.00,2500.00,824.00,3048.00"	""	""	"203122"	"Engine_Run_Start"	"ENL"	"2024-03-19 20:31:22"	"1900-01-01 17:43:30"	"2024-03-19 20:26:22"	"2024-03-19 20:31:22"	"-0.24"	"Changing"	"True"	"5.237088478880288"	"Herbaceous vegetation"	"58.76,59.62"	"49.61,55.15"	"72.95,64.66"	"[120, 360]"	"[558, 2188]"	"105.59"	"824.0"	"False"	"2116.0,824.0"	"2024-03-19 20:31:22"	"1"	"50.0"
"1735"	"03/12/2021"	"13CVAAW1.igc"	"VENTUS 3M"	"3:40:28"	"173837"	"211905"	"HOME"	"137"	"5311[5187]"	"42"	"-98"	"-140"	"Ventus3M2021's ENL monitor reports Engine Run 4 minutes, starts at T=173837 and: 137 msl [-6 agl]; Height gain/loss is: 2300
Ventus3M2021's ENL monitor reports Engine Run 5 minutes, starts at T=210336 and: 1243 msl [1086 agl]; Height gain/loss is: 1591
Ventus3M2021 Motor noise registered by ENL sensor at t=['173838', '174249', '183709', '183710', '210336', '210837', '211856', '211900'] and [-9, 2290, 4167, 4180, 1086, 2690, 99, 102]AGL"	"173837,210336"	""	""	"137,1243"	""	""	"-6.0,1086.0"	""	""	"173838,174249,183709,183710,210336,210837,211856,211900"	""	""	"-9.00,2290.00,4167.00,4180.00,1086.00,2690.00,99.00,102.00"	""	""	"210336"	"Engine_Run_Start"	"ENL"	"2021-03-12 21:03:36"	"1900-01-01 17:38:37"	"2021-03-12 20:58:36"	"2021-03-12 21:03:36"	"-1.36"	"Changing"	"False"	"7.823435326634631"	"Closed Forest, Other"	"60.65,62.59"	"44.66,38.25"	"67.75,70.58"	"[240, 300]"	"[2300, 1591]"	"133.21"	"1086.0"	"True"	"-6.0,1086.0"	"2021-03-12 21:03:36"	"1"	"50.0"
"1747"	"06/21/2021"	"16LVAHZ143.igc"	"Twinshark"	"3:19:57"	"203016"	"235013"	"HOME"	"2627"	"14284[10470]"	"801"	"812"	"11"	"Twinshark's ENL monitor reports Engine Run 10 minutes, starts at T=203016 and: 2634 msl [3 agl]; Height gain/loss is: 2986
Twinshark's ENL monitor reports Engine Run 20 minutes, starts at T=231620 and: 5410 msl [1336 agl]; Height gain/loss is: 2733
Twinshark Motor noise registered by ENL sensor at t=['203017', '204037', '231620', '233638'] and [0, 1884, 1336, 2041]AGL"	"203016,231620"	""	""	"2634,5410"	""	""	"3.0,1336.0"	""	""	"203017,204037,231620,233638"	""	""	"0.00,1884.00,1336.00,2041.00"	""	""	"231620"	"Engine_Run_Start"	"ENL"	"2021-06-21 23:16:20"	"1900-01-01 20:30:16"	"2021-06-21 23:11:20"	"2021-06-21 23:16:20"	"-1.97"	"Changing"	"False"	"8.64184372464687"	"Agriculture"	"78.65,81.09"	"61.99,63.75"	"87.68,91.15"	"[600, 1200]"	"[2986, 2733]"	"4076.28"	"1336.0"	"True"	"3.0,1336.0"	"2021-06-21 23:16:20"	"1"	"50.0"
"1791"	"06/18/2021"	"16IVABZ1.igc"	"ASG 32 MI"	" 4:09:11"	"203028"	"3939"	"HOME"	"2624"	"11473[7569]"	"800"	"789"	"-11"	"ASG32Mi's ENL monitor reports Engine Run 11 minutes, starts at T=203028 and: 2624 msl [-6 agl]; Height gain/loss is: 2234
ASG32Mi's ENL monitor reports Engine Run 3 minutes, starts at T=204258 and: 5082 msl [1592 agl]; Height gain/loss is: 367
ASG32Mi's ENL monitor reports Engine Run 1 minutes, starts at T=204650 and: 5610 msl [2858 agl]; Height gain/loss is: 226
ASG32Mi's ENL monitor reports Engine Run 2 minutes, starts at T=205154 and: 6397 msl [2106 agl]; Height gain/loss is: 614
ASG32Mi Motor noise registered by ENL sensor at t=['203029', '204214', '204219', '204250', '204258', '204558', '204650', '204818', '205133', '205137', '205139', '205147', '205154', '205357', '003304', '003305'] and [-6, 1607, 1611, 1441, 1592, 2464, 2858, 2543, 2067, 2063, 2077, 2132, 2106, 2231, 1896, 1922]AGL"	"203028,204258,204650,205154"	""	""	"2624,5082,5610,6397"	""	""	"-6.0,1592.0,2858.0,2106.0"	""	""	"203029,204214,204219,204250,204258,204558,204650,204818,205133,205137,205139,205147,205154,205357,3304,3305"	""	""	"-6.00,1607.00,1611.00,1441.00,1592.00,2464.00,2858.00,2543.00,2067.00,2063.00,2077.00,2132.00,2106.00,2231.00,1896.00,1922.00"	""	""	"204258"	"Engine_Run_Start"	"ENL"	"2021-06-18 20:42:58"	"1900-01-01 20:30:28"	"2021-06-18 20:37:58"	"2021-06-18 20:42:58"	"0.5"	"Changing"	"False"	"5.9405397819673444"	"Herbaceous vegetation"	"76.17,68.70,74.01,66.62"	"63.93,58.35,69.94,47.62"	"87.05,74.85,76.72,72.59"	"[660, 180, 60, 120]"	"[2234, 367, 226, 614]"	"3409.1"	"1592.0"	"True"	"-6.0,1592.0,2858.0,2106.0"	"2021-06-18 20:42:58"	"1"	"25.0"
"1792"	"06/10/2023"	"36AV8KR1.igc"	"ASW 27-18 E (ASG-29E)"	"4:55:59"	"165836"	"215435"	"HOME"	"305"	"6184[5784]"	"93"	"85"	"-8"	"ASG29E18m's ENL monitor reports Engine Run 6 minutes, starts at T=214334 and: 1148 msl [745 agl]; Height gain/loss is: 1187
ASG29E18m Motor noise registered by ENL sensor at t=['214334', '215006'] and [745, 2021]AGL"	"214334"	""	""	"1148"	""	""	"745.0"	""	""	"214334,215006"	""	""	"745.00,2021.00"	""	""	"214334"	"Engine_Run_Start"	"ENL"	"2023-06-10 21:43:34"	"1900-01-01 16:58:36"	"2023-06-10 21:38:34"	"2023-06-10 21:43:34"	"-0.39"	"Changing"	"False"	"4.780839132931309"	"Agriculture"	"70.00"	"61.72"	"80.12"	"[360]"	"[1187]"	"409.29"	"745.0"	"False"	"745.0"	"2023-06-10 21:43:34"	"1"	"100.0"
"1801"	"07/02/2021"	"172VACN1.igc"	"ASH 31 MI"	" 4:10:22"	"195608"	"630"	"HOME"	"4996"	"17345[11453]"	"1523"	"1462"	"-61"	"ASH3118Mjune's ENL monitor reports Engine Run 2 minutes, starts at T=195608 and: 5000 msl [0 agl]; Height gain/loss is: 980
ASH3118Mjune's ENL monitor reports Engine Run 1 minutes, starts at T=200018 and: 6581 msl [1542 agl]; Height gain/loss is: 587
ASH3118Mjune Motor noise registered by ENL sensor at t=['195609', '195826', '200018', '200150', '200308', '200309', '200437', '200506', '200514', '200525', '200633', '200641', '000624', '000625', '000627', '000628'] and [-3, 994, 1542, 2050, 2333, 2346, 2906, 3206, 3235, 3297, 3826, 3789, 52, 52, 52, 52]AGL"	"195608,200018"	""	""	"5000,6581"	""	""	"0.0,1542.0"	""	""	"195609,195826,200018,200150,200308,200309,200437,200506,200514,200525,200633,200641,624,625,627,628"	""	""	"-3.00,994.00,1542.00,2050.00,2333.00,2346.00,2906.00,3206.00,3235.00,3297.00,3826.00,3789.00,52.00,52.00,52.00,52.00"	""	""	"200018"	"Engine_Run_Start"	"ENL"	"2021-07-02 20:00:18"	"1900-01-01 19:56:08"	"2021-07-02 19:55:18"	"2021-07-02 20:00:18"	"1.61"	"Changing"	"False"	"4.5018973472107895"	"Herbaceous vegetation"	"70.14,70.24"	"59.56,61.26"	"87.35,85.59"	"[120, 60]"	"[980, 587]"	"5029.03"	"1542.0"	"True"	"0.0,1542.0"	"2021-07-02 20:00:18"	"1"	"50.0"
"1814"	"05/19/2023"	"35JVNBR1.igc"	"VENTUS 3F"	"4:09:44"	"160646"	"201630"	"HOME"	"803"	"4150[3464]"	"245"	"152"	"-93"	"Ventus3FES's MOP monitor reports Engine Run 3 minutes, starts at T=200003 and: 1368 msl [571 agl]; Height gain/loss is: 1240
Ventus3FES Motor noise registered by ENL sensor at t=['200001', '200242'] and [610, 587]AGL
Ventus3FES Motor noise registered by MOP sensor at t=['200002', '200305'] and [597, 647]AGL"	""	"200003"	""	""	"1368"	""	""	"571.0"	""	"200001,200242"	"200002,200305"	""	"610.00,587.00"	"597.0,647.0"	""	"200003"	"Engine_Run_Start"	"MOP"	"2023-05-19 20:00:03"	"1900-01-01 16:06:46"	"2023-05-19 19:55:03"	"2023-05-19 20:00:03"	"-0.23"	"Changing"	"False"	"5.581371539452717"	"Closed Forest, Deciduous Broadleaf"	"62.38"	"54.03"	"76.32"	"[180]"	"[1240]"	"777.16"	"571.0"	"False"	"571.0"	"2023-05-19 20:00:03"	"1"	"100.0"
"1816"	"08/04/2021"	"184VAIK1.igc"	"VENTUS 3F"	"3:25:00"	"175636"	"212136"	"HOME"	"308"	"4284[4032]"	"94"	"64"	"-30"	"Ventus3F15m's RPM monitor reports Engine Run 12 minutes, starts at T=201050 and: 1105 msl [882 agl]; Height gain/loss is: 125
Ventus3F15m's RPM monitor reports Engine Run 2 minutes, starts at T=202454 and: 1095 msl [695 agl]; Height gain/loss is: 7
Ventus3F15m's RPM monitor reports Engine Run 1 minutes, starts at T=202807 and: 977 msl [659 agl]; Height gain/loss is: 128
Ventus3F15m's RPM monitor reports Engine Run 2 minutes, starts at T=203742 and: 984 msl [643 agl]; Height gain/loss is: 367
Ventus3F15m's RPM monitor reports Engine Run 2 minutes, starts at T=205051 and: 1233 msl [1007 agl]; Height gain/loss is: -46
Ventus3F15m Motor noise registered by MOP sensor at t=['201056', '202355', '202500', '202730', '202810', '202934', '203749', '204029', '205103', '205335'] and [847, 856, 659, 699, 637, 771, 669, 1086, 971, 906]AGL"	""	""	"201050,202454,202807,203742,205051"	""	""	"1105,1095,977,984,1233"	""	""	"882.0,695.0,659.0,643.0,1007.0"	""	"201056,202355,202500,202730,202810,202934,203749,204029,205103,205335"	""	""	"847.0,856.0,659.0,699.0,637.0,771.0,669.0,1086.0,971.0,906.0"	""	"201050"	"Engine_Run_Start"	"RPM"	"2021-08-04 20:10:50"	"1900-01-01 17:56:36"	"2021-08-04 20:05:50"	"2021-08-04 20:10:50"	"-0.74"	"Changing"	"False"	"5.162356778563145"	"Open Forest, Other"	"46.56,49.08,50.38,48.47,51.04"	"40.44,46.33,45.44,44.35,45.16"	"53.28,55.04,53.16,54.73,59.63"	"[720, 120, 60, 120, 120]"	"[125, 7, 128, 367, -46]"	"223.39"	"882.0"	"False"	"882.0,695.0,659.0,643.0,1007.0"	"2021-08-04 20:10:50"	"4"	"80.0"
"1820"	"03/18/2022"	"23IVAIK1.igc"	"VENTUS 3F"	"4:47:35"	"164045"	"212820"	"HOME"	"121"	"6059[5915]"	"37"	"-9"	"-46"	"Ventus3F18m's RPM monitor reports Engine Run 8 minutes, starts at T=211046 and: 1302 msl [1181 agl]; Height gain/loss is: 1056
Ventus3F18m Motor noise registered by MOP sensor at t=['211054', '211913'] and [1145, 2218]AGL"	""	""	"211046"	""	""	"1302"	""	""	"1181.0"	""	"211054,211913"	""	""	"1145.0,2218.0"	""	"211046"	"Engine_Run_Start"	"RPM"	"2022-03-18 21:10:46"	"1900-01-01 16:40:45"	"2022-03-18 21:05:46"	"2022-03-18 21:10:46"	"-1.6"	"Changing"	"False"	"8.355377973785213"	"Closed Forest, Other"	"53.93"	"46.21"	"59.39"	"[480]"	"[1056]"	"118.63"	"1181.0"	"True"	"1181.0"	"2022-03-18 21:10:46"	"0"	"0.0"
"1821"	"08/21/2021"	"18LVAA21.igc"	"ASG 32 MI"	"4:11:01"	"175946"	"221047"	"HOME"	"938"	"7106[6433]"	"286"	"276"	"-10"	"ASG32Mi's ENL monitor reports Engine Run 2 minutes, starts at T=175946 and: 931 msl [-6 agl]; Height gain/loss is: 968
ASG32Mi's ENL monitor reports Engine Run 1 minutes, starts at T=180633 and: 3021 msl [2054 agl]; Height gain/loss is: -3
ASG32Mi Motor noise registered by ENL sensor at t=['175947', '180243', '180633', '180741', '221021', '221023'] and [-6, 1004, 2054, 2038, 86, 86]AGL"	"175946,180633"	""	""	"931,3021"	""	""	"-6.0,2054.0"	""	""	"175947,180243,180633,180741,221021,221023"	""	""	"-6.00,1004.00,2054.00,2038.00,86.00,86.00"	""	""	"180633"	"Engine_Run_Start"	"ENL"	"2021-08-21 18:06:33"	"1900-01-01 17:59:46"	"2021-08-21 18:01:33"	"2021-08-21 18:06:33"	"1.51"	"Changing"	"False"	"5.608355554650236"	"Shrubs"	"77.43,58.71"	"68.42,53.17"	"82.67,70.44"	"[120, 60]"	"[968, -3]"	"970.22"	"2054.0"	"True"	"-6.0,2054.0"	"2021-08-21 18:06:33"	"1"	"50.0"
"1825"	"04/24/2019"	"94OV7R11.igc"	"ASW 27-18 E (ASG-29E)"	"4:15:18"	"165931"	"211449"	"HOME"	"423"	"5147[4797]"	"129"	"104"	"-25"	"ASG29E18m's ENL monitor reports Engine Run 8 minutes, starts at T=205156 and: 987 msl [463 agl]; Height gain/loss is: 2920
ASG29E18m Motor noise registered by ENL sensor at t=['205156', '210018', '211440', '211446'] and [463, 3415, 88, 72]AGL"	"205156"	""	""	"987"	""	""	"463.0"	""	""	"205156,210018,211440,211446"	""	""	"463.00,3415.00,88.00,72.00"	""	""	"205156"	"Engine_Run_Start"	"ENL"	"2019-04-24 20:51:56"	"1900-01-01 16:59:31"	"2019-04-24 20:46:56"	"2019-04-24 20:51:56"	"-1.09"	"Changing"	"False"	"4.902313206736804"	"Open Forest, Other"	"70.28"	"46.21"	"82.44"	"[480]"	"[2920]"	"519.49"	"463.0"	"False"	"463.0"	"2019-04-24 20:51:56"	"1"	"100.0"
"1826"	"08/14/2023"	"38EV7SK1.igc"	"EB29"	"3:24:50"	"183843"	"220333"	"HOME"	"938"	"8208[7320]"	"286"	"255"	"-31"	"EB29/25.3m's ENL monitor reports Engine Run 5 minutes, starts at T=183843 and: 931 msl [-9 agl]; Height gain/loss is: 2107
EB29/25.3m's ENL monitor reports Engine Run 5 minutes, starts at T=184418 and: 3034 msl [2116 agl]; Height gain/loss is: -443
EB29/25.3m's ENL monitor reports Engine Run 2 minutes, starts at T=185210 and: 2762 msl [1913 agl]; Height gain/loss is: 112
EB29/25.3m Motor noise registered by ENL sensor at t=['183844', '184412', '184418', '184921', '184931', '184935', '185029', '185054', '185210', '185503', '203130', '203132', '203156', '203157', '203747', '203748', '203832', '203834', '203955', '203956', '204051', '204052', '205530', '205532', '210519', '210520', '212116', '212117', '214804', '214805', '220240', '220242', '220253', '220254'] and [-9, 2123, 2116, 1745, 1801, 1834, 1896, 1903, 1913, 1956, 5447, 5483, 5410, 5446, 6171, 6187, 5847, 5817, 5712, 5722, 5361, 5377, 5683, 5669, 6480, 6496, 4702, 4695, 3563, 3567, 65, 62, 53, 53]AGL"	"183843,184418,185210"	""	""	"931,3034,2762"	""	""	"-9.0,2116.0,1913.0"	""	""	"183844,184412,184418,184921,184931,184935,185029,185054,185210,185503,203130,203132,203156,203157,203747,203748,203832,203834,203955,203956,204051,204052,205530,205532,210519,210520,212116,212117,214804,214805,220240,220242,220253,220254"	""	""	"-9.00,2123.00,2116.00,1745.00,1801.00,1834.00,1896.00,1903.00,1913.00,1956.00,5447.00,5483.00,5410.00,5446.00,6171.00,6187.00,5847.00,5817.00,5712.00,5722.00,5361.00,5377.00,5683.00,5669.00,6480.00,6496.00,4702.00,4695.00,3563.00,3567.00,65.00,62.00,53.00,53.00"	""	""	"184418"	"Engine_Run_Start"	"ENL"	"2023-08-14 18:44:18"	"1900-01-01 18:38:43"	"2023-08-14 18:39:18"	"2023-08-14 18:44:18"	"1.91"	"Changing"	"False"	"4.704958888084726"	"Herbaceous vegetation"	"40.96,55.09,54.27"	"0.00,43.26,45.89"	"51.25,67.69,74.78"	"[300, 300, 120]"	"[2107, -443, 112]"	"910.41"	"2116.0"	"True"	"-9.0,2116.0,1913.0"	"2023-08-14 18:44:18"	"1"	"33.33333333333333"
"1858"	"08/19/2021"	"18JVAA22.igc"	"ASG 32 MI"	"4:21:43"	"183308"	"225451"	"HOME"	"938"	"6161[5482]"	"286"	"273"	"-13"	"ASG32Mi's ENL monitor reports Engine Run 3 minutes, starts at T=183308 and: 938 msl [0 agl]; Height gain/loss is: 1010
ASG32Mi's ENL monitor reports Engine Run 2 minutes, starts at T=184028 and: 2555 msl [1620 agl]; Height gain/loss is: 335
ASG32Mi Motor noise registered by ENL sensor at t=['183309', '183622', '184028', '184236'] and [-2, 1056, 1620, 1962]AGL"	"183308,184028"	""	""	"938,2555"	""	""	"0.0,1620.0"	""	""	"183309,183622,184028,184236"	""	""	"-2.00,1056.00,1620.00,1962.00"	""	""	"184028"	"Engine_Run_Start"	"ENL"	"2021-08-19 18:40:28"	"1900-01-01 18:33:08"	"2021-08-19 18:35:28"	"2021-08-19 18:40:28"	"0.83"	"Changing"	"False"	"4.949523642254506"	"Shrubs"	"79.46,63.56"	"67.25,54.35"	"84.32,81.16"	"[180, 120]"	"[1010, 335]"	"938.3"	"1620.0"	"True"	"0.0,1620.0"	"2021-08-19 18:40:28"	"1"	"50.0"
"1861"	"06/02/2024"	"462V8KR1.igc"	"ASW 27-18 E (ASG-29E)"	"3:34:48"	"165935"	"203423"	"HOME"	"285"	"4071[3714]"	"87"	"30"	"-57"	"ASG29E18m's ENL monitor reports Engine Run 1 minutes, starts at T=170537 and: 2040 msl [1729 agl]; Height gain/loss is: 325
ASG29E18m Motor noise registered by ENL sensor at t=['170537', '170722'] and [1729, 2054]AGL"	"170537"	""	""	"2040"	""	""	"1729.0"	""	""	"170537,170722"	""	""	"1729.00,2054.00"	""	""	"170537"	"Engine_Run_Start"	"ENL"	"2024-06-02 17:05:37"	"1900-01-01 16:59:35"	"2024-06-02 17:00:37"	"2024-06-02 17:05:37"	"1.46"	"Changing"	"False"	"6.590342957278961"	"Closed Forest, Evergreen Needleleaf"	"71.77"	"53.56"	"80.79"	"[60]"	"[325]"	"338.09"	"1729.0"	"True"	"1729.0"	"2024-06-02 17:05:37"	"0"	"0.0"
"1865"	"06/01/2024"	"461VAKJ1.igc"	"AS 33ES"	"3:06:40"	"203700"	"234340"	"HOME"	"4724"	"15718[9295]"	"1440"	"1412"	"-28"	"AS33-18's ENL monitor reports Engine Run 4 minutes, starts at T=233102 and: 6492 msl [1617 agl]; Height gain/loss is: 594
AS33-18 Motor noise registered by ENL sensor at t=['233102', '233540'] and [1617, 2159]AGL"	"233102"	""	""	"6492"	""	""	"1617.0"	""	""	"233102,233540"	""	""	"1617.00,2159.00"	""	""	"233102"	"Engine_Run_Start"	"ENL"	"2024-06-01 23:31:02"	"1900-01-01 20:37:00"	"2024-06-01 23:26:02"	"2024-06-01 23:31:02"	"-1.63"	"Changing"	"False"	"11.554017325074055"	"Herbaceous vegetation"	"76.95"	"65.79"	"86.90"	"[240]"	"[594]"	"4862.34"	"1617.0"	"True"	"1617.0"	"2024-06-01 23:31:02"	"0"	"0.0"
"1867"	"08/14/2023"	"38ev8mv1.igc"	"LS 10-ST"	"3:21:47"	"181944"	"214131"	"HOME"	"938"	"7788[6880]"	"286"	"244"	"-42"	"LS10-s-18's ENL monitor reports Engine Run 4 minutes, starts at T=212828 and: 3257 msl [2345 agl]; Height gain/loss is: 1159
LS10-s-18 Motor noise registered by ENL sensor at t=['212828', '213318'] and [2345, 3550]AGL"	"212828"	""	""	"3257"	""	""	"2345.0"	""	""	"212828,213318"	""	""	"2345.00,3550.00"	""	""	"212828"	"Engine_Run_Start"	"ENL"	"2023-08-14 21:28:28"	"1900-01-01 18:19:44"	"2023-08-14 21:23:28"	"2023-08-14 21:28:28"	"-1.92"	"Changing"	"False"	"8.980080528774824"	"Shrubs"	"52.65"	"46.66"	"101.53"	"[240]"	"[1159]"	"914.58"	"2345.0"	"True"	"2345.0"	"2023-08-14 21:28:28"	"0"	"0.0"
"1868"	"08/07/2021"	"187VAIK1.igc"	"VENTUS 3F"	"3:11:03"	"172825"	"203928"	"HOME"	"298"	"4540[4222]"	"91"	"50"	"-41"	"Ventus3F15m's RPM monitor reports Engine Run 10 minutes, starts at T=202222 and: 1850 msl [1536 agl]; Height gain/loss is: 1243
Ventus3F15m Motor noise registered by MOP sensor at t=['202226', '203304'] and [1529, 2812]AGL"	""	""	"202222"	""	""	"1850"	""	""	"1536.0"	""	"202226,203304"	""	""	"1529.0,2812.0"	""	"202222"	"Engine_Run_Start"	"RPM"	"2021-08-07 20:22:22"	"1900-01-01 17:28:25"	"2021-08-07 20:17:22"	"2021-08-07 20:22:22"	"-1.03"	"Changing"	"False"	"6.80446840859673"	"Herbaceous vegetation"	"55.48"	"43.14"	"74.96"	"[600]"	"[1243]"	"298.91"	"1536.0"	"True"	"1536.0"	"2021-08-07 20:22:22"	"0"	"0.0"
"1877"	"04/20/2021"	"14KVAGO2.igc"	"ASH 31 MI"	"2:28:14"	"181533"	"204347"	"HOME"	"442"	"6961[6388]"	"135"	"94"	"-41"	"ASH31/21m's ENL monitor reports Engine Run 4 minutes, starts at T=181533 and: 446 msl [20 agl]; Height gain/loss is: 2158
ASH31/21m's ENL monitor reports Engine Run 1 minutes, starts at T=183656 and: 1437 msl [1037 agl]; Height gain/loss is: 961
ASH31/21m Motor noise registered by ENL sensor at t=['181534', '181933', '183656', '183833', '204334', '204335', '204336', '204344'] and [16, 2145, 1037, 1926, 63, 66, 66, 72]AGL"	"181533,183656"	""	""	"446,1437"	""	""	"20.0,1037.0"	""	""	"181534,181933,183656,183833,204334,204335,204336,204344"	""	""	"16.00,2145.00,1037.00,1926.00,63.00,66.00,66.00,72.00"	""	""	"183656"	"Engine_Run_Start"	"ENL"	"2021-04-20 18:36:56"	"1900-01-01 18:15:33"	"2021-04-20 18:31:56"	"2021-04-20 18:36:56"	"-0.65"	"Changing"	"False"	"4.444159913787909"	"Closed Forest, Evergreen Needleleaf"	"72.78,70.28"	"49.51,51.30"	"84.10,88.83"	"[240, 60]"	"[2158, 961]"	"403.18"	"1037.0"	"True"	"20.0,1037.0"	"2021-04-20 18:36:56"	"1"	"50.0"
"1887"	"06/08/2024"	"468V8KR1.igc"	"ASW 27-18 E (ASG-29E)"	"2:27:13"	"172308"	"195021"	"HOME"	"298"	"4455[4163]"	"91"	"71"	"-20"	"ASG29E18m's ENL monitor reports Engine Run 15 minutes, starts at T=192626 and: 984 msl [601 agl]; Height gain/loss is: 2542
ASG29E18m Motor noise registered by ENL sensor at t=['192626', '194142'] and [601, 3116]AGL"	"192626"	""	""	"984"	""	""	"601.0"	""	""	"192626,194142"	""	""	"601.00,3116.00"	""	""	"192626"	"Engine_Run_Start"	"ENL"	"2024-06-08 19:26:26"	"1900-01-01 17:23:08"	"2024-06-08 19:21:26"	"2024-06-08 19:26:26"	"-0.59"	"Changing"	"True"	"4.988770592152898"	"Agriculture"	"71.92"	"48.62"	"79.78"	"[900]"	"[2542]"	"384.89"	"601.0"	"False"	"601.0"	"2024-06-08 19:26:26"	"1"	"100.0"
"1890"	"03/20/2024"	"43KVAP11.igc"	"Twinshark"	"2:40:13"	"180140"	"204153"	"HOME"	"137"	"4481[4363]"	"42"	"-19"	"-61"	"Twinshark's ENL monitor reports Engine Run 4 minutes, starts at T=201320 and: 1187 msl [1017 agl]; Height gain/loss is: 1716
Twinshark's ENL monitor reports Engine Run 6 minutes, starts at T=202210 and: 1696 msl [1595 agl]; Height gain/loss is: 2575
Twinshark Motor noise registered by ENL sensor at t=['201320', '201735', '201741', '201803', '202210', '202835', '202845', '202855', '204139', '204142'] and [1017, 2792, 2746, 2592, 1595, 4124, 4095, 4055, 62, 72]AGL"	"201320,202210"	""	""	"1187,1696"	""	""	"1017.0,1595.0"	""	""	"201320,201735,201741,201803,202210,202835,202845,202855,204139,204142"	""	""	"1017.00,2792.00,2746.00,2592.00,1595.00,4124.00,4095.00,4055.00,62.00,72.00"	""	""	"202210"	"Engine_Run_Start"	"ENL"	"2024-03-20 20:22:10"	"1900-01-01 18:01:40"	"2024-03-20 20:17:10"	"2024-03-20 20:22:10"	"-1.12"	"Changing"	"False"	"6.454704452791232"	"Wetland"	"75.25,75.84"	"36.51,47.37"	"83.10,82.59"	"[240, 360]"	"[1716, 2575]"	"110.55"	"1595.0"	"True"	"1017.0,1595.0"	"2024-03-20 20:22:10"	"0"	"0.0"
"1893"	"04/26/2024"	"44QV8KR1.igc"	"ASW 27-18 E (ASG-29E)"	"0:48:30"	"172528"	"181358"	"HOME"	"419"	"3208[2763]"	"128"	"22"	"-106"	"ASG29E18m's ENL monitor reports Engine Run 5 minutes, starts at T=173752 and: 1578 msl [1224 agl]; Height gain/loss is: 1184
ASG29E18m Motor noise registered by ENL sensor at t=['173752', '174350'] and [1224, 2421]AGL"	"173752"	""	""	"1578"	""	""	"1224.0"	""	""	"173752,174350"	""	""	"1224.00,2421.00"	""	""	"173752"	"Engine_Run_Start"	"ENL"	"2024-04-26 17:37:52"	"1900-01-01 17:25:28"	"2024-04-26 17:32:52"	"2024-04-26 17:37:52"	"-0.29"	"Changing"	"False"	"5.731245820132256"	"Closed Forest, Evergreen Needleleaf"	"69.65"	"52.97"	"84.56"	"[300]"	"[1184]"	"353.96"	"1224.0"	"True"	"1224.0"	"2024-04-26 17:37:52"	"0"	"0.0"
"1898"	"07/08/2021"	"178VACN1.igc"	"ASH 31 MI"	" 5:37:27"	"194331"	"12058"	"LOUT"	"4996"	"17477[12691]"	"1523"	"1476"	"-47"	"ASH3118Mjune's ENL monitor reports Engine Run 2 minutes, starts at T=194353 and: 5045 msl [36 agl]; Height gain/loss is: 926
ASH3118Mjune's ENL monitor reports Engine Run 1 minutes, starts at T=195050 and: 7135 msl [1693 agl]; Height gain/loss is: -32
ASH3118Mjune Motor noise registered by ENL sensor at t=['194335', '194344', '194353', '194631', '194648', '194710', '194801', '194812', '194836', '194856', '194915', '194924', '194929', '194934', '194948', '195020', '195027', '195043', '195050', '195215', '195221', '195242', '195301', '195303', '195333', '195338', '195348', '195351', '195409', '195415', '012033', '012034', '012049', '012053', '012054', '012056'] and [7, -2, 36, 985, 1033, 1040, 932, 1053, 1230, 1493, 1375, 1584, 1657, 1618, 1585, 1762, 1674, 1749, 1693, 1034, 1136, 1171, 1351, 1351, 1769, 1768, 1719, 1637, 1661, 1654, 75, 75, 79, 82, 82, 79]AGL"	"194353,195050"	""	""	"5045,7135"	""	""	"36.0,1693.0"	""	""	"194335,194344,194353,194631,194648,194710,194801,194812,194836,194856,194915,194924,194929,194934,194948,195020,195027,195043,195050,195215,195221,195242,195301,195303,195333,195338,195348,195351,195409,195415,12033,12034,12049,12053,12054,12056"	""	""	"7.00,-2.00,36.00,985.00,1033.00,1040.00,932.00,1053.00,1230.00,1493.00,1375.00,1584.00,1657.00,1618.00,1585.00,1762.00,1674.00,1749.00,1693.00,1034.00,1136.00,1171.00,1351.00,1351.00,1769.00,1768.00,1719.00,1637.00,1661.00,1654.00,75.00,75.00,79.00,82.00,82.00,79.00"	""	""	"195050"	"Engine_Run_Start"	"ENL"	"2021-07-08 19:50:50"	"1900-01-01 19:43:31"	"2021-07-08 19:45:50"	"2021-07-08 19:50:50"	"1.29"	"Changing"	"False"	"5.513275345545085"	"Shrubs"	"72.74,67.69"	"61.62,58.32"	"84.85,78.14"	"[120, 60]"	"[926, -32]"	"5453.95"	"1693.0"	"True"	"36.0,1693.0"	"2021-07-08 19:50:50"	"1"	"50.0"
"1905"	"06/17/2024"	"46HV6WG1.igc"	"ASH 31 MI"	" 4:13:24"	"194803"	"127"	"HOME"	"3694"	"11400[7181]"	"1126"	"1173"	"47"	"ASH31/18m's ENL monitor reports Engine Run 4 minutes, starts at T=194803 and: 3694 msl [7 agl]; Height gain/loss is: 1657
ASH31/18m's ENL monitor reports Engine Run 36 minutes, starts at T=231710 and: 5108 msl [1204 agl]; Height gain/loss is: 941
ASH31/18m Motor noise registered by ENL sensor at t=['194805', '195251', '231710', '235344', '000111', '000121'] and [10, 1674, 1204, 2332, 72, 85]AGL"	"194803,231710"	""	""	"3694,5108"	""	""	"7.0,1204.0"	""	""	"194805,195251,231710,235344,111,121"	""	""	"10.00,1674.00,1204.00,2332.00,72.00,85.00"	""	""	"231710"	"Engine_Run_Start"	"ENL"	"2024-06-17 23:17:10"	"1900-01-01 19:48:03"	"2024-06-17 23:12:10"	"2024-06-17 23:17:10"	"-0.84"	"Changing"	"False"	"4.636052500526155"	"Herbaceous vegetation"	"54.91,66.46"	"37.96,53.03"	"67.58,79.52"	"[240, 2160]"	"[1657, 941]"	"3909.23"	"1204.0"	"True"	"7.0,1204.0"	"2024-06-17 23:17:10"	"1"	"50.0"
"1917"	"07/08/2021"	"178V7R12.igc"	"ASW 27-18 E (ASG-29E)"	" 2:48:44"	"211726"	"610"	"LOUT"	"5029"	"17404[12323]"	"1533"	"1489"	"-44"	"ASG29E18m's ENL monitor reports Engine Run 16 minutes, starts at T=230904 and: 9209 msl [1188 agl]; Height gain/loss is: 3779
ASG29E18m Motor noise registered by ENL sensor at t=['230904', '232536'] and [1188, 5000]AGL"	"230904"	""	""	"9209"	""	""	"1188.0"	""	""	"230904,232536"	""	""	"1188.00,5000.00"	""	""	"230904"	"Engine_Run_Start"	"ENL"	"2021-07-08 23:09:04"	"1900-01-01 21:17:26"	"2021-07-08 23:04:04"	"2021-07-08 23:09:04"	"-1.5"	"Changing"	"False"	"8.758256913564605"	"Closed Forest, Evergreen Needleleaf"	"73.67"	"61.15"	"93.75"	"[960]"	"[3779]"	"8002.13"	"1188.0"	"True"	"1188.0"	"2021-07-08 23:09:04"	"0"	"0.0"
"1929"	"08/17/2021"	"18HVACN1.igc"	"ASH 31 MI"	"2:49:26"	"195304"	"224230"	"HOME"	"938"	"5961[5312]"	"286"	"298"	"12"	"ASH3118Mjune's ENL monitor reports Engine Run 2 minutes, starts at T=195326 and: 1089 msl [177 agl]; Height gain/loss is: 1794
ASH3118Mjune's ENL monitor reports Engine Run 2 minutes, starts at T=195555 and: 2949 msl [1998 agl]; Height gain/loss is: 1486
ASH3118Mjune Motor noise registered by ENL sensor at t=['195306', '195325', '195326', '195551', '195555', '195827', '195903', '195928', '224224', '224225'] and [0, 170, 177, 1958, 1998, 3540, 3783, 3989, 23, 19]AGL"	"195326,195555"	""	""	"1089,2949"	""	""	"177.0,1998.0"	""	""	"195306,195325,195326,195551,195555,195827,195903,195928,224224,224225"	""	""	"0.00,170.00,177.00,1958.00,1998.00,3540.00,3783.00,3989.00,23.00,19.00"	""	""	"195555"	"Engine_Run_Start"	"ENL"	"2021-08-17 19:55:55"	"1900-01-01 19:53:04"	"2021-08-17 19:50:55"	"2021-08-17 19:55:55"	"2.05"	"Changing"	"False"	"2.6116972078049017"	"Herbaceous vegetation"	"66.31,65.48"	"59.56,56.52"	"76.82,77.47"	"[120, 120]"	"[1794, 1486]"	"949.0"	"1998.0"	"True"	"177.0,1998.0"	"2021-08-17 19:55:55"	"1"	"50.0"
"1940"	"06/25/2024"	"46PVAYE1.igc"	"AS 33ES"	"4:29:56"	"183838"	"230834"	"HOME"	"3694"	"12952[8986]"	"1126"	"1100"	"-26"	"AS33Es18m's ENL monitor reports Engine Run 10 minutes, starts at T=223753 and: 4730 msl [626 agl]; Height gain/loss is: 2389
AS33Es18m Motor noise registered by ENL sensor at t=['223753', '224759', '230827'] and [626, 3018, 72]AGL"	"223753"	""	""	"4730"	""	""	"626.0"	""	""	"223753,224759,230827"	""	""	"626.00,3018.00,72.00"	""	""	"223753"	"Engine_Run_Start"	"ENL"	"2024-06-25 22:37:53"	"1900-01-01 18:38:38"	"2024-06-25 22:32:53"	"2024-06-25 22:37:53"	"-0.78"	"Changing"	"False"	"7.112930250524065"	"Herbaceous vegetation"	"73.18"	"47.79"	"81.12"	"[600]"	"[2389]"	"4101.23"	"626.0"	"False"	"626.0"	"2024-06-25 22:37:53"	"1"	"100.0"
"1942"	"07/04/2021"	"174VAAW1.igc"	"VENTUS 3M"	"4:08:39"	"192033"	"232912"	"LOUT"	"4990"	"17188[11955]"	"1521"	"1467"	"-54"	"Ventus3M032021's ENL monitor reports Engine Run 13 minutes, starts at T=192033 and: 4990 msl [-9 agl]; Height gain/loss is: 2746
Ventus3M032021's ENL monitor reports Engine Run 8 minutes, starts at T=224101 and: 7503 msl [1808 agl]; Height gain/loss is: 2034
Ventus3M032021 Motor noise registered by ENL sensor at t=['192034', '193419', '224101', '224918'] and [-3, 2730, 1808, 4948]AGL"	"192033,224101"	""	""	"4990,7503"	""	""	"-9.0,1808.0"	""	""	"192034,193419,224101,224918"	""	""	"-3.00,2730.00,1808.00,4948.00"	""	""	"224101"	"Engine_Run_Start"	"ENL"	"2021-07-04 22:41:01"	"1900-01-01 19:20:33"	"2021-07-04 22:36:01"	"2021-07-04 22:41:01"	"-0.76"	"Changing"	"False"	"8.762458605363937"	"Herbaceous vegetation"	"67.08,69.86"	"43.36,64.11"	"76.22,82.34"	"[780, 480]"	"[2746, 2034]"	"5753.52"	"1808.0"	"True"	"-9.0,1808.0"	"2021-07-04 22:41:01"	"1"	"50.0"
"1961"	"03/17/2023"	"33HV8KR1.igc"	"ASW 27-18 E (ASG-29E)"	"4:03:53"	"165526"	"205919"	"HOME"	"131"	"5449[5299]"	"40"	"-20"	"-60"	"ASG29E18m's ENL monitor reports Engine Run 2 minutes, starts at T=205353 and: 1617 msl [1480 agl]; Height gain/loss is: 502
ASG29E18m Motor noise registered by ENL sensor at t=['205353', '205618'] and [1480, 1988]AGL"	"205353"	""	""	"1617"	""	""	"1480.0"	""	""	"205353,205618"	""	""	"1480.00,1988.00"	""	""	"205353"	"Engine_Run_Start"	"ENL"	"2023-03-17 20:53:53"	"1900-01-01 16:55:26"	"2023-03-17 20:48:53"	"2023-03-17 20:53:53"	"-0.94"	"Changing"	"False"	"9.288019240085413"	"Closed Forest, Other"	"72.99"	"62.44"	"86.53"	"[120]"	"[502]"	"139.51"	"1480.0"	"True"	"1480.0"	"2023-03-17 20:53:53"	"0"	"0.0"
"1976"	"06/18/2024"	"46IV8KR1.igc"	"ASW 27-18 E (ASG-29E)"	"3:47:23"	"193145"	"231908"	"HOME"	"3694"	"14261[10131]"	"1126"	"1148"	"22"	"ASG29E15m's ENL monitor reports Engine Run 2 minutes, starts at T=231321 and: 5456 msl [1756 agl]; Height gain/loss is: 187
ASG29E15m Motor noise registered by ENL sensor at t=['231321', '231556'] and [1756, 1959]AGL"	"231321"	""	""	"5456"	""	""	"1756.0"	""	""	"231321,231556"	""	""	"1756.00,1959.00"	""	""	"231321"	"Engine_Run_Start"	"ENL"	"2024-06-18 23:13:21"	"1900-01-01 19:31:45"	"2024-06-18 23:08:21"	"2024-06-18 23:13:21"	"-1.54"	"Changing"	"False"	"10.046112159932653"	"Herbaceous vegetation"	"66.46"	"57.34"	"75.08"	"[120]"	"[187]"	"3700.47"	"1756.0"	"True"	"1756.0"	"2024-06-18 23:13:21"	"0"	"0.0"
"1982"	"05/27/2023"	"35RV8I72.igc"	"ASH 31 MI"	"4:09:00"	"191752"	"232652"	"HOME"	"2024"	"12729[10450]"	"617"	"624"	"7"	"ASH31/18m's ENL monitor reports Engine Run 3 minutes, starts at T=191752 and: 2024 msl [-2 agl]; Height gain/loss is: 1240
ASH31/18m's ENL monitor reports Engine Run 1 minutes, starts at T=192059 and: 3257 msl [1253 agl]; Height gain/loss is: 240
ASH31/18m's ENL monitor reports Engine Run 2 minutes, starts at T=192228 and: 3589 msl [1513 agl]; Height gain/loss is: 613
ASH31/18m Motor noise registered by ENL sensor at t=['191753', '192055', '192059', '192220', '192228', '192431', '192433', '192435', '202731', '202748', '202749', '202750', '220120', '220121', '232618', '232619', '232638', '232649'] and [-2, 1263, 1253, 1427, 1513, 2034, 2051, 2047, 2523, 2376, 2382, 2352, 4603, 4616, 263, 253, 63, 63]AGL"	"191752,192059,192228"	""	""	"2024,3257,3589"	""	""	"-2.0,1253.0,1513.0"	""	""	"191753,192055,192059,192220,192228,192431,192433,192435,202731,202748,202749,202750,220120,220121,232618,232619,232638,232649"	""	""	"-2.00,1263.00,1253.00,1427.00,1513.00,2034.00,2051.00,2047.00,2523.00,2376.00,2382.00,2352.00,4603.00,4616.00,263.00,253.00,63.00,63.00"	""	""	"192059"	"Engine_Run_Start"	"ENL"	"2023-05-27 19:20:59"	"1900-01-01 19:17:52"	"2023-05-27 19:15:59"	"2023-05-27 19:20:59"	"1.98"	"Changing"	"False"	"3.9830053168834274"	"Shrubs"	"72.57,71.59,68.44"	"61.17,65.67,52.28"	"90.24,79.37,88.90"	"[180, 60, 120]"	"[1240, 240, 613]"	"2013.64"	"1253.0"	"True"	"-2.0,1253.0,1513.0"	"2023-05-27 19:20:59"	"1"	"33.33333333333333"
"1986"	"04/26/2024"	"44QV83L1.igc"	"ASW 27-18 E (ASG-29E)"	"0:39:41"	"173359"	"181340"	"HOME"	"419"	"3274[2828]"	"128"	"29"	"-99"	"ASG29E18m's ENL monitor reports Engine Run 4 minutes, starts at T=174402 and: 1309 msl [899 agl]; Height gain/loss is: 1095
ASG29E18m Motor noise registered by ENL sensor at t=['174402', '174826'] and [899, 2017]AGL"	"174402"	""	""	"1309"	""	""	"899.0"	""	""	"174402,174826"	""	""	"899.00,2017.00"	""	""	"174402"	"Engine_Run_Start"	"ENL"	"2024-04-26 17:44:02"	"1900-01-01 17:33:59"	"2024-04-26 17:39:02"	"2024-04-26 17:44:02"	"-0.9"	"Changing"	"False"	"5.251473078708852"	"Closed Forest, Evergreen Needleleaf"	"70.86"	"67.01"	"81.86"	"[240]"	"[1095]"	"398.61"	"899.0"	"False"	"899.0"	"2024-04-26 17:44:02"	"1"	"100.0"
"2006"	"06/29/2021"	"16TVACN1.igc"	"ASH 31 MI"	"5:23:14"	"181025"	"233339"	"HOME"	"5016"	"16564[11834]"	"1529"	"1468"	"-61"	"ASH3118Mjune's ENL monitor reports Engine Run 3 minutes, starts at T=181028 and: 5006 msl [-6 agl]; Height gain/loss is: 1463
ASH3118Mjune's ENL monitor reports Engine Run 2 minutes, starts at T=181442 and: 6719 msl [1378 agl]; Height gain/loss is: 771
ASH3118Mjune Motor noise registered by ENL sensor at t=['181028', '181411', '181442', '181741', '181849', '181938', '182110', '182127', '182129', '182139', '233332', '233335'] and [-6, 1358, 1378, 1086, 1431, 1726, 2572, 2542, 2483, 2468, 40, 40]AGL"	"181028,181442"	""	""	"5006,6719"	""	""	"-6.0,1378.0"	""	""	"181028,181411,181442,181741,181849,181938,182110,182127,182129,182139,233332,233335"	""	""	"-6.00,1358.00,1378.00,1086.00,1431.00,1726.00,2572.00,2542.00,2483.00,2468.00,40.00,40.00"	""	""	"181442"	"Engine_Run_Start"	"ENL"	"2021-06-29 18:14:42"	"1900-01-01 18:10:25"	"2021-06-29 18:09:42"	"2021-06-29 18:14:42"	"1.74"	"Changing"	"False"	"5.173585774633544"	"Herbaceous vegetation"	"69.82,66.16"	"54.11,58.37"	"87.01,82.34"	"[180, 120]"	"[1463, 771]"	"5295.88"	"1378.0"	"True"	"-6.0,1378.0"	"2021-06-29 18:14:42"	"1"	"50.0"
